id,item,quantiy,price_per_unit,date
93bcc59a-a543-4ce9-9d56-b04f1f16887c,apple,1,30,2023-01-01
f12b28c8-6988-40a4-b397-270e1a84e054,lemon,3,15,2023-01-01
46a119b1-0f5b-4d5a-a420-fba984bf487f,orange,2,20,2023-01-01
6fbf8155-25db-455b-8ef8-0e3fcb26993f,apple,11,30,2023-01-01
c2a6ec73-a8c2-449a-8138-0d2136e67dd4,lemon,20,15,2023-01-01
d2a83db2-660d-4845-a530-c80bdc1f49f4,lemon,10,15,2023-01-02
af5f4e8d-eb26-4860-b33f-0d07d508c4c9,orange,19,20,2023-01-02
bd2ee9a6-4df8-47ba-a217-c06b4ea85cc1,lemon,8,15,2023-01-02
a5b17b8e-34a2-46cf-bde0-58520542c97c,apple,3,30,2023-01-03
af543101-3578-4ba7-ab90-67dfc5069529,apple,16,30,2023-01-03
8eb590a6-e6cf-4f09-9444-a9f7ed4ac098,strawberry,4,24,2023-01-04
12c18041-7da9-4dce-8351-e86419e8e5c9,strawberry,6,24,2023-01-04
cf90a4b6-c726-4c3d-ba64-4483421a9596,strawberry,19,24,2023-01-04
07435748-5136-4512-b654-4907f9c0c660,banana,1,10,2023-01-04
ab457a85-2b3b-444f-a188-67037ca89c13,apple,18,30,2023-01-04
9c736121-5d15-4d29-b307-32bf63458f69,strawberry,12,24,2023-01-05
c341c1c2-b1a7-409a-8d62-a9372c75341f,banana,12,10,2023-01-05
716bc9dc-2a04-477f-964b-d54a5de44d35,orange,16,20,2023-01-06
4a4911d3-77ed-4791-9f04-cf269975215e,lemon,19,15,2023-01-06
202f09de-4b7d-4db4-9923-051eb9c6a389,banana,14,10,2023-01-06
5300f149-5a70-47e7-b2ef-9bae5d365902,apple,13,30,2023-01-07
2ec91e50-c404-434e-becc-feb1d119ea89,apple,13,30,2023-01-07
6079e0a8-8bbf-4472-a23e-627f1d334da2,banana,1,10,2023-01-07
2df598a1-9988-4e6e-8ef2-bb4329196911,orange,13,20,2023-01-08
c05aba03-e1b7-4767-ad66-27b45ba9f398,banana,6,10,2023-01-08
4f67f57c-8fd0-4d1a-96ce-21848d200a4a,lemon,2,15,2023-01-09
1a2a465c-bbf9-4425-90cb-509eaeda0ce3,apple,11,30,2023-01-09
f1705f91-68bf-42a8-a074-13a47d0cef07,lemon,6,15,2023-01-09
b9b2b23a-5d4e-4bc4-9ff9-e0f9fe96d6d2,strawberry,13,24,2023-01-09
5b6cc96d-2dec-48b6-862e-3f3a73dcf008,lemon,13,15,2023-01-10
ea32c392-ea64-4aec-80f8-3470fa6994b0,banana,10,10,2023-01-11
ffa0ad08-d7db-4689-8bcd-be56de460e4e,orange,15,20,2023-01-11
1d25114d-2a37-4dd3-81b8-ff60363569e4,lemon,5,15,2023-01-11
7b54499f-b6a8-4ed7-9dc2-7dab03a5f228,apple,14,30,2023-01-11
ee3c2ecc-26a3-4f32-94dc-6c78a55388a7,lemon,14,15,2023-01-12
d44df211-45c2-4ec2-b92e-6d901c774a2e,lemon,5,15,2023-01-12
11e38d30-90c5-4518-a850-7c4960e847f7,strawberry,19,24,2023-01-12
47a98189-3398-45fc-9aa2-6255e8c6b554,banana,13,10,2023-01-12
cc06e292-b7dd-4cea-acb2-b3417bec5915,banana,12,10,2023-01-12
f6c4a60d-12bd-4afb-9c51-2d4ba54f0644,orange,6,20,2023-01-13
2eed1c30-db7d-42fe-b2e8-89010588b2b2,banana,2,10,2023-01-13
a1e2224e-df38-40c5-b1c5-0034de9048d7,orange,13,20,2023-01-13
fe916e9c-633d-4966-b03a-8aa43b3a517f,banana,9,10,2023-01-13
15c77f05-01d2-487b-8c63-3c407dac921d,lemon,2,15,2023-01-13
ca0a1ff8-6aa2-4e3a-87c3-41aa5406d37e,lemon,17,15,2023-01-14
058c05e5-6209-41f1-abd7-e28839bc7d74,apple,17,30,2023-01-14
a3e0c244-0ff1-48eb-8f86-8971ebe64e62,banana,16,10,2023-01-14
637d1332-1994-4ee8-ae12-1c0d48b9404c,apple,1,30,2023-01-14
cabd9c02-b75f-4343-8726-8d1247bb627d,banana,18,10,2023-01-14
1c3a9e7d-9ee7-4e4d-8fed-2ce18592bf53,strawberry,18,24,2023-01-15
8e072da3-8fa0-4372-8f23-d23f7830a483,apple,10,30,2023-01-15
31b12734-f9bb-44d1-91b0-8d90208c6a24,lemon,14,15,2023-01-15
1c52d105-fc93-4574-9d6e-3eee34c009ed,banana,4,10,2023-01-15
7b95b365-165c-49bc-b2bb-bf018d6a8b9b,banana,11,10,2023-01-16
31586841-7751-4cfb-a1c8-0ae5a877de00,orange,19,20,2023-01-17
0ba05034-ab4f-4b4f-b871-708605f6acfe,banana,14,10,2023-01-17
5d91eccb-d20c-45ce-92ab-8b4f568f86d7,banana,17,10,2023-01-17
43fb5525-5c32-4a89-980d-532596f41ef1,apple,1,30,2023-01-17
f9c186da-ce6f-48be-a22b-6716b2aa51b1,banana,9,10,2023-01-18
2803726b-8717-4437-8b10-df6591aa26fb,strawberry,3,24,2023-01-18
d139b165-69f3-41e2-bbc5-d477edfce8eb,strawberry,8,24,2023-01-18
79bd3028-0700-41a7-b1d7-91af0e0b7897,lemon,4,15,2023-01-19
c2e6acd8-b434-4337-aaf7-88c6cbe79a1b,apple,15,30,2023-01-19
94d69bf4-3472-4d18-aadd-212f769b67c0,strawberry,8,24,2023-01-20
9758043e-c3a1-4f08-8834-a41952a8863d,strawberry,9,24,2023-01-21
b706a494-712e-4c1a-9f92-07056c1ad353,strawberry,12,24,2023-01-21
5b730f2f-c5a3-44c6-b54c-a2460d8d501c,lemon,14,15,2023-01-21
06307728-6fcd-4583-8e85-c5f70c19357d,apple,16,30,2023-01-21
e1862e94-b77c-42db-9c6f-c438f69e8bc4,lemon,2,15,2023-01-22
a65a67d6-d0fb-4b24-b7e5-f4a37fe64cc6,banana,18,10,2023-01-23
79a21175-c4c2-440c-b8af-726f9c4e0399,strawberry,20,24,2023-01-23
bcda0686-9e8a-4269-906c-bd36bf3d5bb5,apple,6,30,2023-01-24
c6e7729e-1672-4090-b30c-53db2df8391c,apple,5,30,2023-01-24
7b400697-9953-4b8b-a416-ee07f5f83bb4,lemon,9,15,2023-01-24
4fbfac90-6b13-4f12-90a5-d787fc2a153e,apple,20,30,2023-01-24
7ef3e35f-46ed-4267-b2e7-217e6703d769,strawberry,9,24,2023-01-25
ba833244-f079-4da1-9579-2a42004a5ef1,orange,12,20,2023-01-26
83e43beb-ba8e-4c54-9191-9f0235efbe05,orange,10,20,2023-01-26
3c3e2d95-64ef-40d0-979e-f9fb1bc2b2af,strawberry,5,24,2023-01-27
a790ab75-056d-4324-a9b8-8a461ca00e84,banana,20,10,2023-01-28
efc33e46-7ac1-46ce-9200-5b9ab62ca984,orange,19,20,2023-01-28
a333848a-bde1-40a4-80a2-618a9e2a22fc,banana,20,10,2023-01-29
ed8bb671-3d6f-4184-98b4-e5acbc111881,apple,10,30,2023-01-29
f19a01da-68a9-4d53-86cc-ca3bccc07ac6,banana,16,10,2023-01-30
ab8f821a-e636-4860-8cf7-0bd8a02eb08f,strawberry,15,24,2023-01-30
17d5371a-892f-4fce-8ec6-2a9d9e6dc55f,strawberry,15,24,2023-01-30
b83c3977-86ad-4e4f-aa9d-4db3e161c11f,lemon,10,15,2023-01-30
2406568a-f669-4e4a-8420-67e6639801d1,lemon,3,15,2023-01-30
2a847383-605c-4c87-81e1-0ca078dd0f87,lemon,16,15,2023-01-31
2acbc734-8b5b-408f-9e45-329640253070,strawberry,4,24,2023-01-31
9db82bc2-0f0d-4dff-be27-b5b399273c91,orange,19,20,2023-01-31
ee491198-426e-4f97-be4d-8c3e4f92aad7,strawberry,3,24,2023-02-01
f9e332b5-5ce4-4001-9f7e-fdf4d95cad37,orange,8,20,2023-02-01
035b1947-8f87-486a-8452-f2620835135a,lemon,7,15,2023-02-01
c3688b7e-28ea-4d12-903b-219cb76f79f7,apple,18,30,2023-02-01
4e5383cc-e18f-48d1-acde-87461e1f715b,lemon,18,15,2023-02-02
21062287-7076-40f7-9c49-ff1c7c48d2f0,apple,11,30,2023-02-03
126178cc-049e-4731-b441-80a957713b5c,lemon,3,15,2023-02-03
59389fdc-b7bf-4d04-bc5e-d54e358a3121,lemon,7,15,2023-02-03
e475c36e-1990-403d-ab81-a64e59b12536,strawberry,11,24,2023-02-03
669f8c3c-864f-4df0-8268-22569632729c,banana,8,10,2023-02-03
fc5adf0c-d2ea-4991-af79-dc6029720b7f,strawberry,10,24,2023-02-04
277036e9-adba-444b-9590-2c7dce72a564,lemon,6,15,2023-02-04
a4fc5eb4-3fd3-4037-99d2-f967c4c3a2ea,lemon,16,15,2023-02-04
d79b45b7-afa3-494d-a517-1924dfcd44a7,lemon,10,15,2023-02-05
f8c5e152-9eba-4f55-88f6-1376d600bc17,strawberry,20,24,2023-02-06
9989c0c8-d4f2-423c-a3dc-61bf491ec47e,banana,12,10,2023-02-06
eb0ebf07-a3ed-4ddd-be12-2a87d8776682,banana,12,10,2023-02-06
0bf526f1-c015-4ffc-92a5-eff314bbf127,strawberry,5,24,2023-02-06
e5d98b33-cefe-4b66-a9a1-b0e1b9580f7d,apple,9,30,2023-02-07
26000672-8421-4fdd-9041-58d0fab68e65,banana,15,10,2023-02-07
5fa40b17-cf66-46fe-8cc6-dc7c3faaae13,banana,16,10,2023-02-07
aa9c807e-0c81-4517-ad1a-a057a01496ff,banana,8,10,2023-02-07
f322c970-e766-4276-8e78-e158ee2ad042,banana,19,10,2023-02-08
85ef62b2-ced6-4e13-a6ba-64d6c5dd3a86,orange,10,20,2023-02-08
c95cb95a-92c8-42c5-9014-f755fc3880e2,orange,11,20,2023-02-08
549eb09b-fa57-47ab-b9e9-78fc36b42334,lemon,16,15,2023-02-08
894bab30-381d-47db-94b9-f4ca67348be8,strawberry,7,24,2023-02-09
c4c6b886-eee3-4d51-ab3c-935240133c16,orange,3,20,2023-02-09
9ba1d02e-0d0b-4e5a-bc77-b8c1febebb49,apple,5,30,2023-02-09
bfc4dfa8-4ec6-41be-9958-1f3337cbf1ed,banana,16,10,2023-02-09
fa4392df-228f-4a71-984d-f792efc724bb,strawberry,5,24,2023-02-10
cfd51b95-111d-4a08-a325-c0459088f15a,orange,14,20,2023-02-10
203f2306-31e1-4b5c-a76b-fa590d98d920,lemon,6,15,2023-02-10
f5bf311e-eb3f-4c8e-b221-2eb8b713b12d,apple,19,30,2023-02-10
9feb0029-d7ec-4b80-b411-b3edcc329a8a,apple,11,30,2023-02-10
301d0635-3022-4259-9d3d-af68e6b6cd3a,apple,5,30,2023-02-11
f259734f-8964-41f3-987d-03270e5432aa,lemon,20,15,2023-02-11
04659e93-5046-4a48-b3d4-8af1d8afeb30,banana,17,10,2023-02-12
d40da480-e056-4dec-9e66-eb7b4dd67780,lemon,7,15,2023-02-12
fbd87a40-2a0a-4536-83a4-d4acad2106cf,orange,7,20,2023-02-12
077b4e91-5881-4164-9735-e6a587fa3f55,strawberry,8,24,2023-02-13
0281b7ab-e5e6-4a77-9fb8-3c4bfcbc701d,apple,4,30,2023-02-13
8193e1fc-de24-4796-ad5a-4bb766b3a0f1,banana,11,10,2023-02-13
be966009-51e7-421f-a66c-ad5099dbbeed,lemon,20,15,2023-02-13
1000441a-7f09-49b4-b547-f4698a7695e7,apple,15,30,2023-02-13
cdbba723-7e3d-4a19-aa25-09551f4ec28b,banana,9,10,2023-02-14
f36ae19f-02af-4162-98f9-7a35b177bd46,strawberry,20,24,2023-02-14
c6058f64-47a0-4152-a6db-2b27a22af9f6,banana,7,10,2023-02-14
7c230bc3-cb92-474d-bcc6-8ec74b7eab96,lemon,9,15,2023-02-15
2d23b9a5-8bfb-48b2-b1ef-3d38c26ab0a3,orange,3,20,2023-02-15
3da60eb7-5ec2-445b-9d29-16aa65afa63b,orange,15,20,2023-02-15
73ec9bd9-a66e-4570-a5df-01a9b5a92708,orange,6,20,2023-02-16
b6bc9900-b741-4592-b5de-dc0aa103ed51,orange,17,20,2023-02-16
afa856ef-d0f8-4e9e-80a9-72e1447fb7fb,apple,7,30,2023-02-16
6ea05bb1-dda5-4d25-85dc-92a06f25f56f,lemon,1,15,2023-02-17
1a6cac42-b5ee-4c98-8665-69df9a73fa43,lemon,13,15,2023-02-17
47067966-d3c2-44ba-aa24-f48324453fcd,banana,7,10,2023-02-17
f0711666-7b62-4c86-86ef-d3b388aedd02,lemon,1,15,2023-02-18
f2196fbc-155e-4c28-bcec-e3fe21bddd7b,orange,1,20,2023-02-18
ef792300-2cfb-4226-afaf-e828c3bbbd56,lemon,10,15,2023-02-18
7002dd83-525b-4887-b178-aec19bbaf94c,strawberry,12,24,2023-02-18
712088dd-281d-4b2e-8b35-c2b7be45f97d,lemon,2,15,2023-02-18
cdcba052-85e0-47c0-abd4-e5c19b1688ea,lemon,9,15,2023-02-19
eafbc15d-21ef-4eb1-82df-c545d129d3e2,apple,1,30,2023-02-20
17c668a1-1168-47b3-9417-ef784bf8b94c,lemon,7,15,2023-02-20
caa28ac2-a555-4661-92b2-c873ba7867aa,apple,7,30,2023-02-20
fad45a01-828e-4d61-a582-d3edc5c0d4f8,apple,17,30,2023-02-21
c370290c-7927-4df8-ba7a-8d2cfc597360,orange,3,20,2023-02-21
7a094536-5044-41aa-a2ba-48b5d915c897,orange,9,20,2023-02-22
a64a8204-ab18-491c-b9bc-e94e2cfd9766,orange,12,20,2023-02-23
612bd737-750a-49ed-9ce3-65f7dd7e78ed,orange,11,20,2023-02-23
16a247b2-e0da-4762-b468-9ea462d6e689,apple,8,30,2023-02-23
2cd5a845-f191-4b7a-b715-eadd0dc3b6df,lemon,20,15,2023-02-23
7aaf693e-b292-4a8d-bbb3-997ca5f7f000,lemon,9,15,2023-02-23
8e8b29b8-0744-432b-9930-b05440edad47,banana,19,10,2023-02-24
24f5fadd-755b-4858-a7e8-c9326031a63f,banana,3,10,2023-02-24
6915039d-b6ce-4ed1-b71b-ca8ec1715413,banana,16,10,2023-02-24
3512a0e7-4932-434a-b0eb-73ac9d639bfe,banana,9,10,2023-02-24
08a4931f-a497-479d-ae9b-a73f4fef0c24,banana,5,10,2023-02-24
d2d6f5f3-1bd2-4973-a16a-7b6e81a9590f,strawberry,3,24,2023-02-25
1380db73-83ef-4cdb-9680-1ae31ac66f43,orange,20,20,2023-02-25
ba9f5054-6d5e-43be-bcf6-ead1ba2e0318,strawberry,17,24,2023-02-25
8ec8e27e-bfe3-4d10-9aa0-66518ac5a318,strawberry,17,24,2023-02-26
6d4ede7d-bf14-4097-839e-023a98ef91f7,banana,4,10,2023-02-26
13308314-fee8-491c-b795-35ca0dcfeecf,apple,2,30,2023-02-27
ef9576d3-4553-4a1a-b8b5-1eb4f3e6aa84,lemon,2,15,2023-02-27
4dc7adeb-a8e8-49fe-beaf-e40b6d16f3e9,orange,15,20,2023-02-27
8df639e4-7cdc-4312-91cc-8e1b4e7bc047,lemon,4,15,2023-02-27
cfad5207-d51d-40c3-8b58-e9fc9a0b6928,banana,20,10,2023-02-28
becfcaec-22be-4afb-9ff5-9fdeff77e5d7,banana,4,10,2023-03-01
1ed10a6f-ad95-4975-bb3c-490d913338cd,apple,14,30,2023-03-01
09c8623b-6ab5-4ceb-a4c2-991e80571224,banana,1,10,2023-03-01
9aac866c-1c30-44a4-b15b-5404feedb3db,strawberry,13,24,2023-03-01
0fff2e2b-5fb5-4b96-a9a7-50630d83f021,lemon,10,15,2023-03-01
a554f4c2-bece-4fc8-9622-ad73ba1ae1b8,orange,3,20,2023-03-02
c8889ab7-ae49-4ced-8f86-5f6f67f968f8,lemon,5,15,2023-03-02
02f1c304-92ed-4d2c-95dc-9cfe3fd4e552,strawberry,5,24,2023-03-02
3c7c68e5-8470-4dfa-8ad1-f397e765f823,orange,8,20,2023-03-02
2b374321-2f4c-4945-8835-6f485b62e3cf,banana,6,10,2023-03-02
fef62975-4516-4bec-91fa-f4c8e9eae188,banana,6,10,2023-03-03
75162902-ffce-4e48-9119-886a267c0818,banana,1,10,2023-03-04
5b6154e5-95ec-4a62-a514-1fa526f3fd19,lemon,20,15,2023-03-04
eb24c5bd-32ee-487a-8b1c-9ac5c386ae0b,apple,15,30,2023-03-04
305b2521-49f8-4199-943b-c02c16110f04,orange,16,20,2023-03-04
6eb2aae4-5878-4acc-87b2-8a03f28994ba,strawberry,17,24,2023-03-05
bcb79d73-7ad1-450d-9fa2-dcd7b54be7a1,banana,17,10,2023-03-05
3054f982-cc1a-4a32-8690-debff4396b75,lemon,14,15,2023-03-05
d48e3611-2dda-4bbc-ae08-34502099ae9e,apple,19,30,2023-03-05
a7cfc85d-27fa-4782-8235-62c53f423122,banana,10,10,2023-03-05
f949db0f-11b4-4351-95d5-27623660d9e9,banana,19,10,2023-03-06
a5a6f43d-ad3c-4e4e-a5fc-ae5109147b00,orange,16,20,2023-03-06
1f725b6d-f71c-4a35-bc50-bb3af3f585f5,apple,1,30,2023-03-06
edc3a7a0-755c-43a9-9b34-ca40f690bf48,banana,11,10,2023-03-06
35f0b01a-0031-4f1f-863c-31748a3bd963,orange,13,20,2023-03-07
872814ed-f281-4193-a7e4-d43899f4fc74,strawberry,13,24,2023-03-08
42996dc7-aac8-4c0b-9a06-494042fbe5c6,banana,10,10,2023-03-08
6db037f3-7221-46a3-b91c-90a2ba0f4a3e,lemon,19,15,2023-03-08
18cca54e-a07f-43e9-bf74-5af56975beb3,strawberry,13,24,2023-03-08
93958415-dc68-42b1-8f44-4f04a0a6838b,banana,8,10,2023-03-08
dad395e9-5bcf-4265-bdd8-81108be31054,lemon,8,15,2023-03-09
41228547-8298-47e8-8475-5167b7780582,lemon,8,15,2023-03-09
028b083f-0d4d-4388-8dd2-7c1494b6d2f8,banana,9,10,2023-03-09
d8b2dd20-d979-4cbb-85d8-2a09f1bbc74d,strawberry,8,24,2023-03-09
0b958288-60cc-4469-9ff0-31b54b6a673e,lemon,4,15,2023-03-10
0e2ab79d-d3c0-44dc-a799-32f77602b0f4,strawberry,2,24,2023-03-10
24d9cde2-cd7b-4a93-a594-dcb6d1ea9c93,apple,18,30,2023-03-10
25c2edb6-3ce2-42d9-8f79-373dc428d911,apple,3,30,2023-03-11
3a8ce916-81b6-41bb-b39e-36a7395450ef,apple,16,30,2023-03-11
0dbb4280-9a4a-41e6-a6bb-b80fbf96837d,banana,6,10,2023-03-11
7e9ae5b3-3ecf-4cc4-aa87-896af7e56244,strawberry,16,24,2023-03-11
ecb2fe95-f817-4832-88de-ea6506560bec,lemon,17,15,2023-03-12
33224a8e-283f-4ca5-81fa-22379ccc8f90,apple,2,30,2023-03-12
5ae7316c-b567-45dc-a971-005a27bd2a2f,orange,2,20,2023-03-12
9b42f43a-ae97-4a9b-8374-9a39d298f36f,strawberry,11,24,2023-03-13
1c5a0856-56b9-4751-9ab2-9dedf1f49be2,lemon,20,15,2023-03-13
10100750-3877-48f8-9f64-64a0a775a1eb,banana,18,10,2023-03-13
7a358d98-7bd9-4dfb-bf58-94bba80c9aa8,apple,3,30,2023-03-13
1e16f6f7-1aea-4cb5-9279-ffe29af5eb29,strawberry,10,24,2023-03-13
8c6b8992-04aa-42fa-8412-a50513f038d1,strawberry,7,24,2023-03-14
8f3a1712-449f-4f50-99d6-4db0b2698946,banana,10,10,2023-03-14
6f5db33d-f7da-48a4-af11-702aeed5e79f,lemon,16,15,2023-03-14
bc2e0826-e634-4054-ac57-aff2fea83823,orange,3,20,2023-03-14
4c94d964-c21d-43d6-a5d1-52c95e90b18d,orange,17,20,2023-03-14
9ad70b2f-6104-4d37-8f4e-18762742c6e0,banana,16,10,2023-03-15
ae5e34ad-d18a-40ca-a497-4da83d76238b,strawberry,15,24,2023-03-16
8785bc2e-1113-4cf5-88ea-23d01a7ad812,orange,6,20,2023-03-16
b1a60b8f-ec6d-4bae-bf7e-0e19b0aeabde,strawberry,1,24,2023-03-16
dcfd1c89-4568-46cc-87a4-e2fa37661244,strawberry,3,24,2023-03-16
319e22b3-9713-4dfa-bc8b-b240878c0b91,orange,12,20,2023-03-16
6edb3330-8ac7-4839-b5c5-8839208aab39,apple,17,30,2023-03-17
e467cee2-1a3d-4313-b3a8-617afa8f687e,apple,6,30,2023-03-17
6bf7ebae-db53-4cb8-8e33-d3af881811a2,lemon,16,15,2023-03-18
13f3695b-175e-4382-908f-2b3abfc642a9,lemon,1,15,2023-03-19
f7d86b6e-bcfe-41b4-9d80-e70aac244f28,banana,13,10,2023-03-19
cdaa7dd2-c291-4211-a831-50f4978b22f7,lemon,8,15,2023-03-19
cda0f63d-6c74-457b-aac0-3b384c2bb72a,banana,8,10,2023-03-19
a82bc694-ab1c-41da-b041-ba4a4d5ff308,apple,12,30,2023-03-19
fa5e7ee3-34b4-4a1e-968f-dbac3896dc2f,orange,1,20,2023-03-20
eecae7db-aaf0-4e33-9173-2324510fb401,orange,13,20,2023-03-20
a1dca832-223b-4bfd-9d5c-fd2c3b446b62,banana,1,10,2023-03-20
4069711d-ceee-489b-82df-24ce4730ffa4,strawberry,13,24,2023-03-21
d458974e-1a23-4746-aae1-299b060054e8,strawberry,6,24,2023-03-21
96f15412-71ab-44c3-8055-7532eaa16c81,apple,12,30,2023-03-21
f73bf98e-8499-419c-b037-556b75a33c2d,banana,19,10,2023-03-21
2953ff16-27e7-4ccc-a860-fd59d5543852,lemon,20,15,2023-03-22
a66704ee-74c8-4cae-99c0-c47f11359593,lemon,3,15,2023-03-22
3a53034e-761f-41e1-bb9c-9124ae918d22,orange,7,20,2023-03-22
26758c24-ec29-4945-9401-6334c9a29914,apple,12,30,2023-03-22
93e65df2-6381-483a-9da4-ec19b9cddaec,banana,18,10,2023-03-23
e1b6285f-99af-49fe-9fca-ff41ff0ba88a,orange,5,20,2023-03-23
9e0777bc-9c61-437a-880b-211960197879,banana,3,10,2023-03-24
335fffc4-b720-4ba0-be9b-f0e111e77ce9,orange,4,20,2023-03-24
245b7921-3644-4706-9518-ae367167ddec,strawberry,18,24,2023-03-24
48783e83-5f67-4489-b08a-1fb3eb777004,lemon,16,15,2023-03-25
cf49c987-eaee-4e90-8196-18ed74819b3c,banana,2,10,2023-03-25
142531a9-d268-4944-9d63-c2300d9e8f2e,strawberry,2,24,2023-03-25
b655037c-4ac3-4b70-bc5e-843418b4a885,orange,7,20,2023-03-25
912dbb92-092b-4f82-9aa6-50b291cf2be8,strawberry,2,24,2023-03-25
70156370-5f3e-4b4e-8d28-eeb5882b48ff,strawberry,8,24,2023-03-26
f33cf280-6cb5-4a7d-9f4a-196064a1d8ca,apple,3,30,2023-03-27
cb6729c2-418e-4a42-b65c-3b0beb13ed07,lemon,5,15,2023-03-27
0c07ecaf-8565-407f-9409-05f1dca3ccc2,strawberry,9,24,2023-03-27
2a3d530c-0982-43e6-9259-badd1c2ba0b6,lemon,15,15,2023-03-27
0b41f14c-2d37-400a-864d-c06429bd13e5,orange,16,20,2023-03-27
6d8a1836-2ce3-400c-b4ca-525cfe098e1a,strawberry,10,24,2023-03-28
30f77778-9609-4a36-b330-b42fd7860069,apple,6,30,2023-03-28
a7a84f7e-b497-4c17-90e1-de436d12d7f1,apple,6,30,2023-03-28
b3e66e06-b57f-44bd-acac-9e8441a4f2bc,strawberry,9,24,2023-03-29
2f51a1b5-c866-4bfc-8e5d-b36b3bee9cee,orange,17,20,2023-03-29
cd05394d-1444-4be8-9cc6-4885cc261cfa,banana,20,10,2023-03-29
ddfacbb5-5d1e-4b92-8eb6-c51f7fef5a9c,strawberry,4,24,2023-03-30
7e13a9df-101b-4e19-b95d-94c2b58b3045,banana,14,10,2023-03-30
3f2768d9-2096-4738-a0a1-1a4a26623d21,strawberry,14,24,2023-03-31
261c8722-3588-4d04-9cae-66fd3874afe8,apple,17,30,2023-03-31
908a6519-ca2b-4b9a-bd1f-2016ac9a8099,banana,8,10,2023-03-31
140ddee3-3664-461b-b190-503f02235137,strawberry,20,24,2023-03-31
df5667ae-df08-4d24-9bac-047b69e579ee,banana,4,10,2023-03-31
24407f7b-bdfa-4457-b7e0-b276c9b6d165,banana,3,10,2023-04-01
5073b30a-48f9-430d-b87b-4931002e298b,strawberry,1,24,2023-04-01
8b621887-d7aa-4234-b29d-5b9cad105128,strawberry,7,24,2023-04-02
2f730ac0-5345-4c70-87af-4f8484d0e619,lemon,17,15,2023-04-03
d095613b-193c-4b8e-a5ac-9c4e3c205dbb,banana,17,10,2023-04-04
ab8401a5-06ac-497c-88e6-731e14ce38ac,lemon,8,15,2023-04-04
372ef84a-a2e9-4855-bbb7-3e2aec80d454,banana,6,10,2023-04-04
240b6ec6-28bd-4bd8-a837-4f6d4747b54b,apple,9,30,2023-04-04
9643e3dd-d2c7-43ce-893d-ff4c7634f6de,banana,12,10,2023-04-05
2eaab23a-08ba-471c-974b-bb949979cef4,banana,1,10,2023-04-06
6cec3dc6-67b9-4285-8ad0-15ae1607bef5,orange,10,20,2023-04-07
9f331f2c-2187-4e1d-bcd3-f2d004e39282,orange,11,20,2023-04-07
cec0205e-4a76-4823-96ec-5795179c8293,apple,12,30,2023-04-07
9288f40a-50e7-484a-b910-1d3c9e51a3a0,orange,6,20,2023-04-07
faccedb6-febc-4ea8-8896-118d858b335e,banana,19,10,2023-04-07
47e75c7a-afcf-4e93-a3f9-40db8cc19827,apple,5,30,2023-04-08
2a13af71-d651-469e-9ea0-53bc23bde72c,lemon,16,15,2023-04-08
63db64b7-bb05-4220-9531-835cff1ef705,banana,15,10,2023-04-09
ef03cef9-305f-4a67-a1ff-8fb4427c8152,strawberry,4,24,2023-04-09
c58d68f3-9c47-4e32-bc38-803e002353a5,orange,6,20,2023-04-09
efb9cadc-f825-4add-bd5f-17b2440b668a,banana,10,10,2023-04-09
addb5ea3-1aaa-4775-b758-24c0e32b953b,lemon,2,15,2023-04-10
54b957c4-e43c-4cef-9b65-02a8cb595b53,orange,1,20,2023-04-11
f07cc555-fad1-4748-8be2-a052bc8c35d7,banana,17,10,2023-04-12
42d707aa-4056-4839-a793-849cd856be49,strawberry,8,24,2023-04-13
3466a60d-7cb8-4eb3-906d-81f11725d973,lemon,9,15,2023-04-13
5e9a68db-0bec-491e-83be-c5e204770958,banana,7,10,2023-04-13
b37c13b2-8ad6-4e47-a10c-a02691abae58,strawberry,3,24,2023-04-13
d725df72-3825-468d-a362-248e1a5e0a5e,strawberry,8,24,2023-04-13
41c0d397-2869-49f2-8d85-e9bf3a1a56f1,apple,9,30,2023-04-14
87a067a8-7502-4030-91ec-7290d098d4d3,apple,9,30,2023-04-15
740b99a2-04ef-4e9d-9fa2-a17cdc09751a,apple,19,30,2023-04-15
70b4f6cd-5b5c-443b-8376-f101a168e78c,lemon,7,15,2023-04-15
f77ef7df-424a-4227-bf62-d89483a14d82,orange,9,20,2023-04-16
1e943cdd-1f87-40b9-9d3a-98ce7c423263,banana,14,10,2023-04-16
af568ed4-bd68-4019-af54-aa8d240af9b9,lemon,11,15,2023-04-16
3c6474f1-2ce2-4a13-91bd-3835bfbd1612,strawberry,4,24,2023-04-16
c0fb41c2-d390-4d31-bcf8-c3f313f010f1,strawberry,18,24,2023-04-16
dc3d0dd3-5baf-4454-af64-6bbf3901dc6e,strawberry,15,24,2023-04-17
1de3184e-01f9-43f5-9f9d-65a2defe7ffd,lemon,3,15,2023-04-17
b546ce15-47b5-4f1c-9681-f5b4ab0d5398,apple,8,30,2023-04-17
57048f6a-711d-479b-b045-8e8a3f4eeb2d,apple,17,30,2023-04-18
7161af87-caed-4aaf-b2aa-e8307db7f5bc,strawberry,4,24,2023-04-18
a5408f6e-1836-44ec-b9fc-05641c910f4b,apple,6,30,2023-04-18
26931124-8584-4e2f-b277-10fdb3dafa29,orange,8,20,2023-04-18
3ab823be-5221-46e3-bb94-fce8c6f04f85,lemon,12,15,2023-04-19
0842fd3b-bdee-4a3d-8016-86d33dc30681,lemon,8,15,2023-04-19
276eac95-3ab3-40f4-ac15-be2ab644b881,apple,5,30,2023-04-19
25562018-e7fb-46d0-b025-e092f6eb035a,apple,15,30,2023-04-20
4102f5d7-f963-4495-89fa-e83f72d23151,strawberry,8,24,2023-04-21
68a28b11-4256-4b4a-a66a-a40ba2a370ef,banana,5,10,2023-04-21
199dcc24-309d-4349-b23e-3a509617e223,strawberry,3,24,2023-04-21
7fbc589a-cf4f-48ac-8a1d-2bbba9b69c4e,banana,4,10,2023-04-21
075e329f-7d3f-4829-b96c-bced3aa2f315,strawberry,19,24,2023-04-21
13a0b6f4-932e-456f-b4ed-83efa68f81bd,strawberry,12,24,2023-04-22
5003edea-7307-4fe1-a2fd-0c417e001358,banana,6,10,2023-04-22
f1d93b7b-a4ab-4694-ba1f-04938607e590,banana,19,10,2023-04-22
15b4e760-7b84-4e7d-b432-f4d28987e342,apple,16,30,2023-04-23
7ba64405-ed7f-4ca1-8896-903742cc9258,banana,14,10,2023-04-23
7c80adc3-4dcb-47b9-bfc0-42d7a203383c,lemon,16,15,2023-04-23
5cbab94c-106a-4752-af7f-26dfcc346963,orange,3,20,2023-04-23
fe1069d1-a0e3-4b65-b222-0c201385ce3a,apple,9,30,2023-04-23
730b9c31-e876-4704-ab7d-cfdd4b91c56e,apple,10,30,2023-04-24
007c2836-d0ad-4160-84db-2c48cf8c22fe,banana,12,10,2023-04-25
4262d64f-0f55-48df-8f6f-87bb562c81a0,apple,5,30,2023-04-25
1e22ac2a-95cd-43e1-b248-936cdb8b8812,strawberry,9,24,2023-04-25
2a270322-ce35-41c6-bde9-0f30b4202c53,apple,16,30,2023-04-25
e32b2d39-7044-4c75-bf4a-14bdd3f67123,apple,14,30,2023-04-26
43293b4a-9dc8-443c-97f7-62179de5b4a4,strawberry,18,24,2023-04-26
0f6d8eca-152a-4111-b361-c6090d9d2bb3,apple,13,30,2023-04-26
64489206-a3ce-4997-95e5-8896433a0e44,strawberry,17,24,2023-04-26
5399fe0a-284a-4140-bf20-64b676840815,strawberry,12,24,2023-04-26
08c7e7a6-a5b0-4716-8f56-e59a69ac5d39,banana,2,10,2023-04-27
b386b248-4d48-449e-abc4-725a226950c0,strawberry,3,24,2023-04-27
e2c48c78-21bb-448d-adc8-88dee8183def,strawberry,9,24,2023-04-27
cd396ee8-906e-44e1-93c1-1f903c7e9cbc,apple,20,30,2023-04-27
723d4e06-dd2f-4359-bd06-01a8a337ce1e,lemon,17,15,2023-04-27
543bba7a-e8ea-4430-8e72-a8bc6ac38df8,orange,14,20,2023-04-28
7d6cb4a4-4948-420b-91b0-8c7a450a1f7f,orange,2,20,2023-04-29
ab23a1cf-bf22-45a1-8481-03a5eb1c7f5b,strawberry,5,24,2023-04-30
fcdc49ee-790e-4beb-8405-f4e5193eb4c4,banana,11,10,2023-04-30
732b9ffd-064c-497f-8046-658c1fb292e8,lemon,19,15,2023-04-30
bbe294e3-680b-482b-aa46-71975592602f,apple,13,30,2023-04-30
8cc99e14-36b4-485b-a2c2-dc2d425f4c2f,orange,17,20,2023-04-30
a1728da3-6d42-4f63-8f16-e160caf39a73,lemon,13,15,2023-05-01
02b33b18-f688-426d-be7a-a6cdbb8dd13d,strawberry,20,24,2023-05-01
822e72a0-ee53-4653-9c73-2bd882a48fbd,lemon,2,15,2023-05-02
29180e91-c199-48e7-8501-46aa19bdf6e7,orange,15,20,2023-05-02
a90b7ae2-75db-49f5-83a7-10fc1f642bfe,strawberry,17,24,2023-05-02
d08408c6-09f9-4f1e-9eb8-a6b5a7efbced,apple,13,30,2023-05-02
9baf5caa-8d1c-4ecf-b0ee-0c9942632abd,banana,16,10,2023-05-03
57dddf8b-7f16-44db-bec1-cbb5a9c9f2f7,lemon,16,15,2023-05-03
9654d374-e2db-4ac8-b1f3-0be9101aa650,banana,14,10,2023-05-04
2bdb0494-1b86-48b7-afed-aa076c7b4163,orange,2,20,2023-05-05
0139f5ae-7aef-499a-8d24-0501c0d96cb1,strawberry,16,24,2023-05-05
3e435e07-6bd1-4065-86f7-dc4738d1f3ff,strawberry,11,24,2023-05-05
99e10197-6a62-4b0a-b8c5-69a54713d5a1,apple,2,30,2023-05-06
91278321-82e5-4d1a-9f56-3e18607f7036,apple,6,30,2023-05-07
15cfe7c1-7f17-4621-a0d5-8d09aa3206c7,lemon,3,15,2023-05-07
53ee3de9-c782-4611-8596-a7af3668d72a,lemon,11,15,2023-05-07
84cb126c-a697-49b4-a079-89f37da6396f,strawberry,10,24,2023-05-08
f665f302-3aba-46f0-a96f-62541804fe00,strawberry,20,24,2023-05-08
0113e0ad-a08a-4070-a27d-cb81b23ef53d,orange,14,20,2023-05-08
affcfb1a-7ef8-4f2b-b7d6-75af959cf5d7,strawberry,18,24,2023-05-09
dfeff084-5c14-4622-b4d4-7f290e3324f0,banana,6,10,2023-05-09
a6edaa76-fd04-4d15-8c99-dba13638ab57,orange,12,20,2023-05-09
5b4acf95-6af3-4404-ace3-c8a7e45188bd,lemon,4,15,2023-05-09
a244772e-e5e5-43d2-9c00-0faf6f0592d0,lemon,3,15,2023-05-10
5133d091-c2f3-463c-ac21-715ac8cc414c,strawberry,9,24,2023-05-10
998c65e2-612c-4b8c-b536-130a2e39c584,banana,18,10,2023-05-10
4800d6d8-65fe-478b-85ef-e5418c3113e5,apple,5,30,2023-05-10
813a980d-7db3-4708-b4d3-cdef3005bd9d,banana,10,10,2023-05-10
409a1809-9c08-4794-8e20-41c36d80a19f,apple,19,30,2023-05-11
81b4f5f4-86dd-4fa2-938f-d92ecfcae724,lemon,11,15,2023-05-11
346171ab-07f0-409b-a617-3392389da1d0,strawberry,5,24,2023-05-11
6e5a520c-3415-4674-b2fb-fea8e7809674,orange,10,20,2023-05-11
f237c92d-75cd-4b67-be96-2778dd385f35,lemon,6,15,2023-05-12
9031542e-ee4b-4f0b-ab0f-a613fcfd5045,apple,4,30,2023-05-12
bf6eeaac-7b62-4da9-a40f-3ec92768be78,apple,3,30,2023-05-12
ca0d8511-0cfa-43ab-9b0c-6e662a6f3f3f,lemon,10,15,2023-05-12
c0ea0245-8d4c-4650-9880-7d3b84ffe268,lemon,19,15,2023-05-12
977f281f-4f48-476b-8339-480c7aefc99d,banana,2,10,2023-05-13
b19b0112-48d5-415e-a2f7-768dd8433973,strawberry,18,24,2023-05-13
20ff0f0e-207c-47f4-ab6b-fd53c40b3f38,strawberry,16,24,2023-05-13
bcbc7c3f-7f96-48b6-9f7a-a8684c0e184e,banana,11,10,2023-05-13
c6a53c33-bbd6-4cae-bc9e-71ddb6e725b5,banana,4,10,2023-05-13
62f9defd-d05f-4c33-b526-f493bbafed2f,strawberry,3,24,2023-05-14
1c609483-b8f2-444f-a0eb-982dec438b95,lemon,6,15,2023-05-14
a27afafa-1c0c-4b04-a672-6a5cfa8b6f92,lemon,8,15,2023-05-15
de5a6765-3a4d-4cb9-ad4d-365c20f6e0fa,lemon,13,15,2023-05-15
4fd8f375-9846-4ed2-9c59-3dc376e2ed30,banana,16,10,2023-05-16
b61317a1-73c0-44e9-a6b0-0fcd6ce39836,banana,13,10,2023-05-16
d870cac2-8122-424b-9470-7315716b81ff,banana,6,10,2023-05-16
baa02184-f6ca-476e-aae0-78de972d1ed3,strawberry,15,24,2023-05-16
1edfccee-3b9c-424b-a993-2aab5e078a53,banana,2,10,2023-05-16
f2dd67e3-277d-4d1b-ad81-31363313586b,banana,16,10,2023-05-17
68c0db77-dd51-41e5-9b3e-599a9bcd34fc,lemon,15,15,2023-05-18
f376efbd-3a48-497b-8dee-40a6a5ebf9fa,apple,14,30,2023-05-19
ec1f95a3-e9b2-44e5-876b-289a7d5d6a73,apple,10,30,2023-05-19
9db56a9b-d9c9-4fb9-9a00-d0376c3df474,orange,6,20,2023-05-20
01111a5a-f1d5-4c0c-9f7d-3d6c65939b11,lemon,16,15,2023-05-20
4607e76e-0f0e-4f29-ab55-af2b367642f6,strawberry,11,24,2023-05-21
04e25716-c111-4a56-a79f-f50f8b11e393,banana,17,10,2023-05-22
a00d9a25-8a1e-433e-8c05-68b968c64689,banana,14,10,2023-05-22
f45b252e-0e1c-4528-8a36-38f1ea09f53e,orange,8,20,2023-05-23
12dd8992-67e0-46d9-a412-f435e990ef9d,orange,11,20,2023-05-23
66579849-c572-4c69-9b06-8849b41a88cb,strawberry,6,24,2023-05-23
f89aaf61-70f2-4c79-9963-adf9c20f7e55,orange,11,20,2023-05-23
56e9d868-a4db-4525-af0c-71b936b8e1eb,banana,8,10,2023-05-23
2152f03e-932d-40c3-851a-ee0880b17a82,lemon,3,15,2023-05-24
ce8f52fe-15ac-4164-bee1-94fb0f2ecbff,banana,7,10,2023-05-24
9f31d1a7-c4bc-467f-aaf2-6f3961b97a2a,orange,7,20,2023-05-25
04eaded4-5013-4fd2-94a5-48a9b39ea5b0,banana,11,10,2023-05-25
7e16dac3-9c0c-4581-b9e7-12ab798bc158,orange,13,20,2023-05-25
d4858096-4e73-4f2a-af02-13beafd9c718,strawberry,8,24,2023-05-25
13c22929-83ab-43f0-bb84-7b65470e336b,apple,1,30,2023-05-26
f538b274-8e5f-42ab-ac4c-ee6e5853f146,strawberry,11,24,2023-05-26
8abf12a8-e478-4d79-927d-f67b0bb6d195,apple,12,30,2023-05-26
fdf90c8e-2fca-4541-b5b1-6e68c8de9b44,apple,4,30,2023-05-26
138d07bc-ab30-411c-b1b9-fdbe13887f0b,apple,4,30,2023-05-26
1533ebbd-0dc5-4603-8ead-5f19bb8db0da,lemon,19,15,2023-05-27
a5b69a21-72d4-4525-968c-0ff62efbe1ca,lemon,19,15,2023-05-27
a634c832-ba5e-43f4-a8ec-b9b401be3b4f,apple,2,30,2023-05-27
8ad5e3a1-31c1-44ac-89bd-403d9aef5bc0,apple,1,30,2023-05-27
a6a74e10-c0a4-464d-867c-4678196f3f18,lemon,10,15,2023-05-27
864abeef-74db-4130-87e2-66780caf7a11,banana,1,10,2023-05-28
195b7423-7d30-46ae-bc93-c27a0dd617c0,orange,4,20,2023-05-28
811f5345-3f5c-436a-a9c9-2ead32c04ef1,strawberry,7,24,2023-05-28
e78e94c8-c952-4cea-9bcb-15d67c2cbc70,banana,8,10,2023-05-29
171d6940-aba2-4778-b2f5-6f6a1cfb6e96,lemon,7,15,2023-05-29
2230ec1f-dd44-43cb-8d4e-9238f1330d48,strawberry,12,24,2023-05-30
511222bd-83ec-4ddf-9351-811712da3e35,apple,1,30,2023-05-30
bcc889f3-cc8f-4c48-ba9e-c604570aa11c,lemon,12,15,2023-05-30
9011902c-da5f-4e5b-8348-df736fe83493,banana,5,10,2023-05-30
60c6b85e-365d-46dc-b36c-69f8cccdefeb,apple,17,30,2023-05-31
aa5e2dfa-cc64-4845-9b75-ee88c5ab7a01,banana,16,10,2023-06-01
008a3869-a7aa-48b9-abb6-b668fe28cc61,lemon,2,15,2023-06-02
ca95db7b-2207-431a-bd73-160c0bb6bd4f,banana,12,10,2023-06-02
e8001352-da55-42c3-95d0-64655cadd7cc,banana,8,10,2023-06-02
233b849d-4804-4c73-a73e-09c26c39d230,strawberry,15,24,2023-06-02
9ebbc6c2-2b53-421a-95fd-a44c933ff880,apple,13,30,2023-06-03
9ce8333f-3ae3-47b6-be96-8f9e524bdbce,lemon,20,15,2023-06-03
306f0a17-ee78-4a3e-8098-e2cc94358e56,orange,10,20,2023-06-03
1a9887c4-3c7c-4b29-8e7b-507bef174b8d,orange,5,20,2023-06-03
9be4c272-35e5-4128-984f-ca86d5e3ddbc,apple,5,30,2023-06-04
e27afb8f-b72d-4c19-964a-54065283aac1,banana,20,10,2023-06-05
d1991ebe-4dc2-4893-a87d-0cb5554d4ed6,orange,5,20,2023-06-05
3693b336-35d4-4b7a-a571-54b4159c10c5,orange,5,20,2023-06-06
52270b75-f12d-4801-9bda-e226063ab575,lemon,1,15,2023-06-06
4ffcc585-5143-464c-b743-e05bc70050b4,banana,10,10,2023-06-06
0a3343db-202f-4ce7-b4fe-007dd151fe45,orange,16,20,2023-06-06
b57285bc-20ea-4b00-92ae-9e09a26acc98,orange,18,20,2023-06-07
697df47d-6f79-46f7-83dd-5612229519ec,lemon,7,15,2023-06-07
c19594b2-1077-4556-b3ec-f2240fe44472,apple,7,30,2023-06-08
1a84b139-79fc-46bd-8bac-c0abe1fdbabb,apple,2,30,2023-06-08
5845a810-5e60-4c27-94f3-1dd2ada22263,banana,13,10,2023-06-08
c49f365d-0c91-4077-a41d-30d1f4c8f747,apple,14,30,2023-06-08
48548c8a-c3a6-4854-80f8-27c4b81dbecf,strawberry,19,24,2023-06-09
4cc95ae6-40f2-473b-827f-013f3933c7df,orange,7,20,2023-06-09
ae15e593-6432-45f9-8f7e-194a7cbb0098,strawberry,7,24,2023-06-09
ea55a20e-810d-4a7a-af4b-05afe1e1b673,apple,12,30,2023-06-09
dae0b06c-a26d-4072-858f-14c5f17d4f1e,apple,10,30,2023-06-10
4b289fe6-0983-4189-acb3-e916c1543af7,lemon,11,15,2023-06-10
2891616f-e5e7-4244-b7cc-855e550d8db8,lemon,5,15,2023-06-10
f154fabb-15d1-4ae5-aedb-b3050639d2d6,banana,13,10,2023-06-11
6601f721-717e-48cc-8de5-a77d08bb1bcc,lemon,7,15,2023-06-11
161f420f-7ba5-41b4-8054-6d30bac306bd,strawberry,19,24,2023-06-11
8704c539-0e5d-4c89-8beb-a290bd245940,banana,7,10,2023-06-11
9e1241b6-7958-49ec-b2ee-e4f23a723ae5,orange,17,20,2023-06-11
06f505cd-d66a-4d50-a214-85c45f3f79db,orange,1,20,2023-06-12
1a6088ed-5708-4021-809f-67afa6f5f97e,strawberry,16,24,2023-06-12
61e5abc7-1a5f-417f-b3c8-980f6fce8a2f,orange,18,20,2023-06-13
2000893e-320d-4eb4-9fbd-d9ca08ae1a63,apple,13,30,2023-06-13
e81fc7b0-5046-46eb-8618-21811e3f2b76,banana,10,10,2023-06-14
4c8e7a98-2dcc-4919-8e75-a11dd76518ec,banana,15,10,2023-06-15
cb596e4e-d281-4150-a704-e4b8c2061061,strawberry,2,24,2023-06-16
4f453a02-0d4b-426b-b3f0-96ad9101a852,apple,10,30,2023-06-16
0207cb28-522d-4e96-ab6c-ef1d8c94ee30,lemon,18,15,2023-06-16
07f571b1-4e0e-4533-86be-acf31581345a,apple,5,30,2023-06-17
cd1eddc4-4aa5-4ba2-a03f-57018467d43e,strawberry,15,24,2023-06-18
0f0e4559-86e7-4a09-961f-b52fb7e5079c,orange,11,20,2023-06-18
f556bb1d-fb2a-4a3f-acf5-b3b472e21eff,apple,5,30,2023-06-18
90c69870-16dc-406e-9957-4ffa42325ff1,orange,13,20,2023-06-18
98180a53-04a3-4f61-866c-077b7eaac316,lemon,3,15,2023-06-18
19c77d86-cf57-45a6-8b9c-bd2111bd7b54,strawberry,16,24,2023-06-19
649fd35d-5620-4057-bccb-87b4a1b0924e,apple,15,30,2023-06-20
2b6b06d1-dc5f-4de1-84ea-574678aae88b,apple,20,30,2023-06-20
b9987cc8-8449-4698-b635-4a4abe95b9d8,strawberry,9,24,2023-06-20
f3a86c74-db3a-4b25-b716-e24ea5866181,lemon,17,15,2023-06-20
c2272482-ba5a-44d6-b2cc-1047d6e06783,strawberry,20,24,2023-06-20
ba26b3b7-3989-4025-b11e-3e3b81ea96c0,banana,5,10,2023-06-21
d6ed925c-041d-402e-99b4-d0fe7d3bfe45,apple,12,30,2023-06-21
d5fa3525-afb9-4ecc-9d1b-9b65c91ac528,orange,4,20,2023-06-22
7cfb7473-89f2-4eae-b80b-84af76123183,apple,9,30,2023-06-22
abd49ee8-f44c-4d7d-91d2-73c05ba42aa3,banana,8,10,2023-06-22
22fb0ddf-1f52-4a58-9f01-b89cd4b338b9,banana,10,10,2023-06-23
a0884e48-a7e6-4702-860b-3238cc3eb7e9,lemon,10,15,2023-06-23
df3c3d42-7bce-435a-96a5-01067a0dbc95,orange,18,20,2023-06-23
fe387023-4213-495c-bbf0-9ea9b2b6c27f,apple,16,30,2023-06-24
9feb77e9-8e29-4247-b72d-2b4f482bcee3,orange,19,20,2023-06-24
24e91340-1989-4b4c-b2eb-d3d2fc9c484a,banana,2,10,2023-06-25
b54d2f5f-8aa5-4516-b8d7-acb03ea4bd6b,orange,5,20,2023-06-26
8b987436-4fa9-4297-a177-b23c826d688e,lemon,3,15,2023-06-26
6afcc5a2-548d-435b-bef1-481c7cae35ae,banana,4,10,2023-06-26
f0aa4634-c227-48c8-bc67-b3e0d5a0e870,orange,9,20,2023-06-27
c5f2c0e9-c737-4291-871e-343867e3e4f3,strawberry,6,24,2023-06-27
efa3b492-6246-4622-b09a-7861104dea99,banana,3,10,2023-06-27
0487db52-48d9-4c6f-afdc-f8196e7d32e3,orange,17,20,2023-06-27
7f45a318-e7d9-472c-a940-542618354c0b,apple,3,30,2023-06-27
d8ee35fa-98d8-4678-b53e-8caf3627f156,banana,18,10,2023-06-28
71b5115c-66a2-4ab6-ad47-7bb544a5045a,banana,2,10,2023-06-28
e83990af-53a5-4450-8563-3c6137c3e0b0,apple,2,30,2023-06-28
22dee72d-d245-4b04-b1ef-86409d4a7f38,orange,12,20,2023-06-29
e98d9b23-a1cc-4cef-948f-6221074d93b7,strawberry,7,24,2023-06-29
20b481f0-ecc0-424c-b614-fcf785bdfec9,strawberry,6,24,2023-06-29
c7a5c093-d733-4527-aa25-4241301b7e98,strawberry,3,24,2023-06-29
9ae7ae69-7e1c-4b6d-9213-9267957ac1c6,banana,5,10,2023-06-30
3970d504-4208-4228-8717-5d05c4cd0676,apple,18,30,2023-06-30
f44513c1-34ca-41e1-a69d-5aa41c9ec6d0,strawberry,19,24,2023-06-30
69e9783c-3881-4191-bcea-15507df32e36,apple,11,30,2023-06-30
fe997b14-d38c-4366-a562-37e6631aa73d,apple,15,30,2023-07-01
87696224-d97c-4e27-a9f0-c40dbdaf4317,lemon,20,15,2023-07-01
bdd082bb-2557-46a3-bb39-4cc829e9e4a4,apple,12,30,2023-07-01
b9657557-8bd8-49c7-a320-5568e28aab6b,lemon,14,15,2023-07-01
6aa25559-fa33-49b1-9499-84bac840621b,lemon,14,15,2023-07-01
f285bcac-d2ec-4004-a407-af537ffb5e3c,apple,18,30,2023-07-02
586268ff-db03-4cf7-aa0a-ce168c81b952,orange,3,20,2023-07-02
2f2eef44-d354-48a1-8123-79ab4acb19c6,orange,17,20,2023-07-02
82962a0f-201e-492f-98aa-c01081aba18e,strawberry,19,24,2023-07-03
45cf7ca2-f88d-4f3c-b311-91dd77a8ccec,orange,16,20,2023-07-03
3e8ac5e1-69c6-493f-8a9e-6d1d42156122,orange,15,20,2023-07-03
532bdaa4-ac93-487d-ac7c-c2a2282ee476,strawberry,3,24,2023-07-03
84d797cd-07d0-4067-a690-52c503e3602b,orange,11,20,2023-07-04
312d3292-19f0-4482-987c-a9c9d3a1463f,orange,15,20,2023-07-04
25cf5a07-23df-48b2-b03c-e24ac0edd930,strawberry,7,24,2023-07-05
2f00f33f-a811-4efa-987a-6208f9b2d9c9,orange,10,20,2023-07-05
daed3e3b-59db-43e4-945a-aa522e349967,apple,9,30,2023-07-05
8235ca35-00b4-4912-986b-eedc28544920,banana,4,10,2023-07-05
83a16438-7e43-467d-b0c6-60a45064b712,banana,10,10,2023-07-06
e5a5974d-0290-421d-a042-15fc0b0009e8,orange,8,20,2023-07-07
2cc1a368-dfeb-4920-83cd-7c8dc0d82088,orange,16,20,2023-07-07
58ad9143-fe44-4275-93a0-f00fa99ef5ef,strawberry,20,24,2023-07-07
c8efe579-f4f1-4857-822a-a8aa9473ac45,lemon,18,15,2023-07-07
52c536d3-03f0-4897-8557-1e8802b1d576,orange,8,20,2023-07-08
4aef0bef-a010-46c2-bee6-ae4642ebc001,orange,9,20,2023-07-08
624b302e-d733-48d7-bd0f-139b97af4b92,apple,14,30,2023-07-08
97652bb9-3d1e-445a-ae93-8e822681f720,apple,17,30,2023-07-08
6a6a4b5e-c9d2-419e-bdfa-491ef90ecd93,lemon,3,15,2023-07-08
f5bba294-327f-4971-8c3f-4d677a401bd5,apple,13,30,2023-07-09
8b0bf77d-3388-46bd-8d42-1f6170010068,lemon,13,15,2023-07-09
992489c4-d780-4688-b049-66ed143301e7,orange,15,20,2023-07-09
648f29e5-05b5-4b33-a602-cdf24c994d08,lemon,16,15,2023-07-09
30395cdb-8ae1-44ae-95ce-f340c600b80c,lemon,16,15,2023-07-10
32ff667b-18f1-4c5c-8e25-d6770fc5fb8a,banana,8,10,2023-07-10
fcaa9dab-337d-42e0-b92a-b34834704d91,strawberry,9,24,2023-07-10
7379cefa-bb46-4685-8298-a10c4d28bc10,apple,3,30,2023-07-10
0b31a9e5-c0e5-4730-8d32-3892a7dc2e9b,orange,6,20,2023-07-11
a2017ad8-7e18-4efa-9037-c762d3ec33f9,lemon,3,15,2023-07-11
242500f0-088f-4045-b099-a4953afd76b3,lemon,14,15,2023-07-11
025fb446-3ca4-4282-9c7e-40cd3ce8ce94,orange,3,20,2023-07-12
ab1f43ab-3731-4192-8131-f8fdb0078cba,banana,5,10,2023-07-12
bf152a71-1cf9-4044-9c9e-8380d3f7ff6a,orange,1,20,2023-07-13
e6a51d57-efa6-42b6-9a9f-78820ee06b58,orange,2,20,2023-07-13
75e948cb-98f4-482b-a9a1-99c726ef7a9f,banana,15,10,2023-07-13
0588ae2b-c0bc-40fc-a32c-3654c69faa35,orange,19,20,2023-07-14
89e2cb8c-f5ca-4aca-9b78-ec96cd75b927,lemon,7,15,2023-07-15
89e3d995-489a-4355-8451-47a68febfec3,lemon,11,15,2023-07-15
eea3eb1f-b6df-47ff-a04d-2e447a996d3e,strawberry,18,24,2023-07-15
512ebabc-6b90-490c-990a-4d5b58e9002b,banana,6,10,2023-07-15
ac68b433-f27d-43c0-bea4-cbe59f56d958,apple,20,30,2023-07-16
e5066ee1-a3a5-4108-8fac-970b35d2e2bd,apple,9,30,2023-07-17
abccff68-5883-4520-a95c-6293fa1e54a8,apple,20,30,2023-07-17
0f2c4139-33dd-45cb-adec-26dafc2ce7a0,banana,18,10,2023-07-17
08a28933-885c-4640-831c-48bdaf901ede,lemon,7,15,2023-07-17
4d1c7774-64ac-451d-a11d-23293e5e4bab,orange,17,20,2023-07-18
4c0988e1-a4fd-4527-ac97-4daf7a544324,banana,17,10,2023-07-19
fd6ca824-2a4f-4fb3-afb2-64526ceb981d,apple,20,30,2023-07-19
3c9558a4-cb6c-4061-af10-6277bda82044,orange,4,20,2023-07-19
deac22b0-8afb-4e79-ae57-6bfa60d0b7f9,apple,6,30,2023-07-19
80855593-667e-4da0-8a65-f3888890a5e0,banana,14,10,2023-07-19
f7b79b92-ed57-4902-aa20-22bdce38ad3a,banana,6,10,2023-07-20
6311763c-ec3a-4202-918c-280dee1af30c,apple,13,30,2023-07-20
05ba5adb-3e11-4378-ba62-f5d1196595b4,apple,9,30,2023-07-20
c852c9ee-93a5-4735-8b86-520893d2b681,strawberry,15,24,2023-07-20
6c89d1b4-678b-4c9f-b259-5ae3bb6c40a4,lemon,19,15,2023-07-20
240ad33f-696c-44a9-a781-17cac86462ad,lemon,1,15,2023-07-21
a963fe60-8417-4427-9ec5-ca235d3ac4f0,apple,19,30,2023-07-21
31c2e9db-d7d1-4da7-81ed-9f391d927229,apple,12,30,2023-07-21
8bf445f2-5be2-46d6-a610-59af1285bec4,lemon,13,15,2023-07-21
3fea1c30-1f8e-4129-a302-a72ddbf8dd70,banana,16,10,2023-07-21
65c0dc7c-2ecb-4a96-a3c2-9b6bc5cf4fe7,banana,4,10,2023-07-22
9ed5bec2-d7dc-42f9-a6e6-8bdf7fc00f44,apple,13,30,2023-07-22
583d887d-ba58-43f4-a908-2da221b2b839,banana,14,10,2023-07-22
b2e82cc0-a326-4015-9132-5a4157985e5a,orange,11,20,2023-07-22
99d715b6-685b-4b88-b28c-7805e7c119d5,banana,4,10,2023-07-23
ec55bf6d-c524-4b74-bafa-d4f51c9bd73a,orange,6,20,2023-07-24
c6fd6cb2-5cfc-4bbd-9756-64fb55de6cfe,banana,6,10,2023-07-24
60d58275-d7d2-4fa4-99d2-0073f1d3aefc,strawberry,17,24,2023-07-24
6ec52ddb-533e-48a9-853f-f958c3574165,strawberry,5,24,2023-07-24
299ca2b2-35be-4378-983c-8d5d3888e635,strawberry,6,24,2023-07-24
8966cf98-0c9a-4517-8df8-d3ad0cbfdde6,orange,18,20,2023-07-25
a274e09b-2432-4f8a-9402-b3eb3d82ce59,apple,14,30,2023-07-25
467c2a89-81b1-4a31-a377-f98f67383f27,banana,6,10,2023-07-26
9ea76033-9137-4c40-9dc3-0bedd0df540b,apple,9,30,2023-07-26
77ecd6c5-0ece-45b9-aec9-b34ef0119263,lemon,14,15,2023-07-26
7eb07765-9ae7-43b1-9967-d14355f1e4f3,apple,3,30,2023-07-26
7a8955e0-9bb2-4014-8b52-9e07856733af,strawberry,2,24,2023-07-27
9465f208-4ae1-412c-bed1-4182412f741f,apple,2,30,2023-07-27
e7ae6910-b067-4692-89d6-a55916cc1b3f,banana,15,10,2023-07-27
1728007a-b86f-4dfc-a2bd-86f7a9303165,lemon,20,15,2023-07-27
e5ef4c36-cb2d-450c-9cff-b1cee62a888e,banana,20,10,2023-07-28
de12baa8-28fb-46fe-840f-fcd6ff51d898,orange,19,20,2023-07-28
d3d7c8dc-9775-4117-bc3a-76ac81c7fa92,lemon,14,15,2023-07-28
94d71ec9-231d-4381-8674-5ba009aac76f,banana,15,10,2023-07-29
fdf0939b-752b-417a-b63a-c4d024f1ef21,orange,11,20,2023-07-29
778f1b3c-9f72-4159-8d88-c71d3948d7d9,lemon,20,15,2023-07-29
5a2c7920-e989-4a61-b536-701ad55a1175,apple,14,30,2023-07-30
2c919892-fd16-4cb1-9e3f-30f5a7fd1571,banana,7,10,2023-07-31
6eef7118-7baa-461b-959e-e193804f2a13,lemon,11,15,2023-08-01
95c630a4-ef57-46dd-9b8d-e52e8e50f0ed,banana,19,10,2023-08-01
d3930b83-2eda-437d-bf79-b10192c185a9,orange,7,20,2023-08-01
914aa79d-5b70-4436-acd2-6aa4a1b654ac,orange,2,20,2023-08-02
cd38c834-38a3-46f7-9b27-5393b478f3fc,orange,10,20,2023-08-02
edac1f50-5541-4fd0-8463-9abe479b7de2,banana,11,10,2023-08-02
5ff679ce-2b0f-4b4c-90d0-d683a7e2a8ee,lemon,9,15,2023-08-02
bc182186-5a02-47d3-99e3-0e0cd3d09bd3,lemon,13,15,2023-08-03
67352fd2-89fd-4f3b-b287-a9e0d7b3a92c,banana,5,10,2023-08-03
510fefd4-5b0d-4666-a3ac-b6e1e41f5b32,orange,9,20,2023-08-03
3919fc5f-ac9b-47e7-9f0d-52d5e2246844,apple,19,30,2023-08-04
cc945eac-5a2f-48b5-b238-9691ac5c7144,strawberry,17,24,2023-08-04
3341281f-1998-4bc0-bd21-5f9020563c4b,lemon,4,15,2023-08-04
5de3cccf-d768-41bc-a100-d7aeaf768742,apple,14,30,2023-08-04
070b9863-d93b-4173-a655-ab15e61084d9,banana,16,10,2023-08-05
fe43af79-86f3-45d9-8a21-4255051c05a1,apple,6,30,2023-08-05
bedf4552-9ef7-4364-b357-995d9de67822,orange,9,20,2023-08-06
77fbb308-703c-4a83-a801-64c8c3413ce6,banana,20,10,2023-08-06
99fd371b-01b1-42c3-a299-40a9bb83df2b,lemon,16,15,2023-08-06
8e3c6a36-548e-49fc-8407-ba2b3e1fa9e6,lemon,16,15,2023-08-06
f129fbfb-b7fe-4398-81f9-067c50707201,lemon,16,15,2023-08-06
63f9bdb4-f8fc-4b11-8641-fdf83e8a3af7,banana,3,10,2023-08-07
564c42f5-5e4c-4d71-9857-81060b2c812f,apple,19,30,2023-08-07
e182df48-2302-44bd-9d06-06e93c3b4766,orange,12,20,2023-08-07
f4c99d88-854a-47fc-b9bd-5145930a8e13,banana,6,10,2023-08-07
7f299f09-9f37-44a4-96c1-6fd0da8d2322,banana,6,10,2023-08-08
34a9075c-6aac-410c-8582-e7c93481b2ae,banana,16,10,2023-08-08
0c40f184-79ff-4f6b-ba2e-b4fb39563eaa,orange,17,20,2023-08-09
7d64ead4-0ffe-4160-a591-bd30264c83b5,lemon,17,15,2023-08-09
28becdcb-8f60-408a-9a45-37df95b9a43b,banana,15,10,2023-08-09
cd5a385b-8b19-4eb3-bed2-9d3b33b652a0,strawberry,5,24,2023-08-10
765e89b2-e203-4c32-8c54-204d1ebd58e9,strawberry,12,24,2023-08-10
e065b4cb-58b0-467b-9715-2884edd58afb,orange,13,20,2023-08-11
6514f599-c0fa-470f-b3e6-e129d235b598,orange,18,20,2023-08-11
4c3a0510-8b1e-4fd8-89db-d542e6882f4f,strawberry,15,24,2023-08-12
8723e148-32c5-43cc-8eea-9208d7097243,strawberry,8,24,2023-08-12
2c110626-4d2a-47ef-a328-5a875210bbd9,strawberry,11,24,2023-08-12
94ed9999-fce7-4442-a8af-34eda6ec00b9,orange,15,20,2023-08-13
92e864be-5bb6-4d9c-b04d-06a5d459efa7,apple,17,30,2023-08-13
a345e331-46a4-4513-af87-a2a19eb433dd,lemon,14,15,2023-08-13
a9c09095-bc88-434d-937f-29023cb38c3d,orange,7,20,2023-08-13
62d87ef6-1805-4bc2-9128-13f11ac3a673,apple,17,30,2023-08-13
4f47435c-1ef3-4db9-a018-58ba47b3289b,banana,20,10,2023-08-14
71e37c93-4c04-4400-8e12-dff194811aa6,orange,5,20,2023-08-14
b2f7e6bf-e5a4-485f-8a51-06261102cd87,banana,9,10,2023-08-14
d1649ec6-f15e-4b7f-8d96-c8b4bf49db7e,orange,19,20,2023-08-14
04ddd7cb-995e-4acc-a7bd-04233211d058,banana,11,10,2023-08-14
9e7527c3-7411-429c-8fda-8e547a0b991e,banana,16,10,2023-08-15
8eb71a3b-da73-4e24-bad5-ba60713bc067,strawberry,3,24,2023-08-15
2855e2aa-7610-40db-96b2-992d11996a39,orange,15,20,2023-08-15
9d1708e8-9353-45f2-8a4b-0c49c3aa3703,banana,8,10,2023-08-15
af5ddc6e-6fd3-4521-9b6a-60f87ce50bfa,lemon,10,15,2023-08-15
96f9f58d-70d4-4cf9-81a1-d55391b764e3,lemon,9,15,2023-08-16
1686f604-cd13-4986-bebd-0c1095a6f6fe,lemon,14,15,2023-08-16
ef6dc832-3f3e-4f95-96ee-31d0fc240396,strawberry,7,24,2023-08-16
fb85f659-6ab5-4c39-bedf-9a75109a7dbd,strawberry,9,24,2023-08-16
5a62b615-d821-465a-be30-a7ae1675f519,lemon,13,15,2023-08-17
a5bf3b29-3ed4-4351-aa7a-a823648bcf0e,apple,9,30,2023-08-17
e9cb3435-6d07-426b-92cd-113eb75523bb,strawberry,4,24,2023-08-17
3fb9cac5-73b9-49ac-980f-cb1b30974a5f,apple,15,30,2023-08-18
a93208b9-ce9e-41df-a9dd-ba9d8b229012,apple,20,30,2023-08-18
8058acd0-5c8a-4018-981f-82348141499a,banana,16,10,2023-08-18
35130caa-54d2-416e-868c-807f8890bac0,banana,16,10,2023-08-19
f195eb03-62db-4eb2-abac-daa900000e63,orange,13,20,2023-08-19
7ed87ce9-399d-4b43-a305-d92d7a804798,lemon,13,15,2023-08-19
b6119b33-c37d-4d04-b64d-8aa699d26b5d,orange,17,20,2023-08-19
014ee9b7-fbea-4517-8fe6-fc61b5ee13ba,orange,18,20,2023-08-20
3691a03f-3d80-40f1-b52e-838c0a83f611,apple,6,30,2023-08-20
6fe3484c-aa9c-4382-b5b1-fdfc0fa53c29,orange,2,20,2023-08-20
32d6c7a5-4281-4348-8886-b6cab6e7fb5d,lemon,12,15,2023-08-21
26b66f72-95b9-4b55-98d0-8ed6b55cc8ac,strawberry,3,24,2023-08-21
a235708e-d2ba-4437-acd4-1d9efb6d3bc3,orange,4,20,2023-08-22
e493dcd6-caac-4dbc-9117-44cde6a49ab2,banana,13,10,2023-08-22
34f27b42-00d4-43af-bf46-6c4f4a56f380,orange,17,20,2023-08-22
830d5df9-914b-4322-b642-a7baacb4013f,apple,15,30,2023-08-23
ae7a7519-6fe2-45cd-b79b-c0e90a18c5f1,banana,12,10,2023-08-23
8d4fa549-5fad-4d54-beb0-d38b1572d5ab,banana,8,10,2023-08-23
5e67ceca-199c-4b5f-82f3-b48f5e3aab87,orange,17,20,2023-08-23
55ff7dc0-a1ab-407c-94fc-85cece445e85,apple,11,30,2023-08-23
c866fc40-74cb-4816-9ac4-7d99da60c9ee,banana,20,10,2023-08-24
34438e2f-661c-46c4-9140-e02403d39957,apple,17,30,2023-08-24
485a5f84-6c10-4bfc-af8e-6adc8c3e8143,apple,5,30,2023-08-24
28d6dd37-b4b6-4169-9fbb-def7fff70df8,orange,4,20,2023-08-24
1f74b61e-9002-48ff-aef4-48cd2823bfb7,banana,1,10,2023-08-24
6d034efa-b5a2-4165-9981-21fc49adc4b3,apple,1,30,2023-08-25
99a0d5d2-b750-4d7f-ba8d-0d20d0babcd3,orange,9,20,2023-08-25
163fa7de-a8a2-4008-abfa-d7ddb4425b5e,lemon,19,15,2023-08-26
43e671dc-087f-42b4-8af9-327338b46a25,strawberry,20,24,2023-08-26
1dffdd37-0900-4bb6-9f4d-77278138e671,lemon,12,15,2023-08-27
fdfffbd8-dbb6-4f85-aad3-7f8001b37a2a,banana,7,10,2023-08-28
e14ab671-3e49-44fd-9ce0-9a3ba1486847,apple,12,30,2023-08-29
8b94b045-54e5-4876-8f88-f7fca95b8063,lemon,15,15,2023-08-29
cab55d1f-25bf-462a-80b5-7933569df30d,banana,1,10,2023-08-29
270665a7-a608-4128-a1db-f2c2e0c9425a,lemon,12,15,2023-08-29
020ff2cf-aa17-4214-a2e8-50e798750a18,strawberry,18,24,2023-08-30
2d2eb1bc-f22e-4049-996b-7c0ec4895900,orange,15,20,2023-08-30
c7d4360c-7f96-454c-9bfd-cb4674d4c472,strawberry,16,24,2023-08-31
5bdf185c-217c-456b-969e-731026e171e7,apple,19,30,2023-08-31
d4cb7150-11a3-4986-82fe-356efd536c65,apple,9,30,2023-08-31
6f8661a7-1f33-4229-b522-4c7d00fc08f9,strawberry,6,24,2023-09-01
50380e49-e22b-46a4-a742-d909670d06c0,banana,6,10,2023-09-01
edb8d818-d92b-48a5-bc9b-a3ff6b69fbe6,banana,13,10,2023-09-01
31572df9-98fe-4801-9287-8002691d6e08,apple,3,30,2023-09-01
29b4d97e-1bd7-4078-8403-c95cdeca4450,strawberry,3,24,2023-09-02
31fedf1e-8ebd-4d3e-8288-518a27170a00,orange,10,20,2023-09-02
d688cd72-e90d-4a18-b8ad-d478d3c30c06,lemon,5,15,2023-09-02
d2c0cae4-b514-4532-afb4-554a1a8b60ad,strawberry,11,24,2023-09-03
246d338f-8976-4d2f-810c-f0195a6c2021,orange,14,20,2023-09-03
a08edab5-4ada-4ba3-8463-b9fa1a3225b7,banana,3,10,2023-09-03
18f24d1a-81aa-4d69-a01a-8dc63c71d3f3,orange,16,20,2023-09-03
3abe4d70-725b-4cee-baae-6957982694f3,lemon,10,15,2023-09-04
8045f60c-6998-42b1-99a4-c580841efe41,apple,20,30,2023-09-04
b3b7fcc2-9ef7-4c5e-b623-29f5e0719917,lemon,4,15,2023-09-04
f942b98a-e34b-410e-97a7-b4e244bed469,apple,19,30,2023-09-04
3a69a94a-dd9d-4ad0-b951-7696fc8e540b,apple,6,30,2023-09-05
aa809430-75e6-432b-bd13-eafb427bf325,strawberry,6,24,2023-09-05
4deb69e9-7b7e-4d8d-a048-7c8ae3fc5349,banana,16,10,2023-09-06
27148f0b-5ee1-407c-b889-e7e410734e7f,banana,6,10,2023-09-06
8c8306cc-4162-465d-8edd-1ee024d059e0,apple,6,30,2023-09-06
17cdd7b3-7ede-427d-a9ec-2843deedb9e1,banana,17,10,2023-09-06
e38c167d-9fc0-4b89-9c6d-dde11548d76b,banana,13,10,2023-09-06
37c276dd-ee49-43a8-9a31-7979c0ec4f50,banana,6,10,2023-09-07
79e00e3e-d85a-4af4-8d5d-d1a022a77f15,banana,6,10,2023-09-07
7bc7bb6a-f482-405c-93c2-8985f8d5f57d,orange,15,20,2023-09-07
7a7a7fd2-1d09-41c0-a018-06d857e1ec3d,strawberry,16,24,2023-09-08
4f383858-2e26-4fd6-a06c-f54ec63aca05,orange,12,20,2023-09-08
703d6e96-e7c8-41ca-8e15-63822b45e0a6,strawberry,10,24,2023-09-08
813a6bc3-8ee0-4c02-b156-380ae95edc60,lemon,11,15,2023-09-08
2ff9a56e-8889-4d7d-bee1-ac665cf065e5,apple,9,30,2023-09-08
381a1d5c-664c-4940-99d3-665d3f2b7e3a,apple,1,30,2023-09-09
e7a18574-6ce6-4020-94e6-74b8d63fccf9,banana,19,10,2023-09-09
c3e4af22-161b-4205-99a3-fd52d69d11dd,apple,7,30,2023-09-09
a40feb3e-a946-43ef-be86-cab7bf29e400,lemon,16,15,2023-09-10
b6b1ec39-f59b-4d14-a20c-e800aca94564,apple,15,30,2023-09-10
c5e07b5f-9a6f-493d-b12b-966b514e3490,apple,5,30,2023-09-10
f478b432-516d-4f1d-a6f8-d3d37c7161fd,lemon,15,15,2023-09-10
c3b71867-0eaf-4711-bd0e-3559fa541c6b,strawberry,4,24,2023-09-10
e3f3c576-b770-40f3-937b-1008da4c2493,apple,6,30,2023-09-11
795d6dd2-8fe2-4448-aa76-aa2207fc96af,banana,5,10,2023-09-11
33abdd9f-f69b-44f3-b439-a86c648236b6,lemon,9,15,2023-09-12
43c5b1b2-0f6d-4ba0-b652-14ce6ad90ec6,banana,19,10,2023-09-13
8e7ca5bf-6b53-47e8-94eb-f60a02a1bc9c,banana,5,10,2023-09-13
6c494c84-af6b-465d-abf3-10f18f36007c,orange,6,20,2023-09-13
e003edb7-9135-4ac0-8bba-7b1c480941ca,banana,7,10,2023-09-13
62c66e4e-3923-4183-8c43-d26306cce002,strawberry,8,24,2023-09-14
9de27d2f-6a3b-41b3-b528-ce9d080ac389,apple,12,30,2023-09-14
cc37d85d-4a0e-4065-9d00-d31281000427,banana,13,10,2023-09-14
edfe68b3-1926-4aaa-b70f-35c1f32363e3,lemon,5,15,2023-09-14
d722ff7b-ee7d-4b5c-8702-911a30fb993f,banana,13,10,2023-09-14
22399a39-1353-4cec-9e6c-388cc848cc6e,lemon,12,15,2023-09-15
e451941c-c070-4f19-9cbd-91a643896d2f,lemon,2,15,2023-09-15
9616ae0e-e63b-4a0d-a8ac-6ac7edc1e705,lemon,8,15,2023-09-16
f1d014e9-34ee-42c9-a80a-6b7ecd866ea1,apple,7,30,2023-09-16
61d10ddd-5ecb-4372-859a-852750d2c173,apple,12,30,2023-09-16
2ea5eb66-6ad8-4bf5-86ff-a11f6fac1259,apple,16,30,2023-09-16
77f33c8c-ccfa-4874-90b5-b8a2560ccf58,strawberry,9,24,2023-09-17
dab7d370-8266-4bc0-912d-3cdd5dc70471,banana,19,10,2023-09-17
2b42c723-0c46-4a99-a415-2e601b61cc74,orange,6,20,2023-09-17
52fe9b87-ab5f-4f1e-be5b-56159a83a00f,lemon,9,15,2023-09-18
d085dad1-97cc-49b9-b0bb-6c431d65b397,strawberry,3,24,2023-09-18
09083a93-972f-40d3-a3f4-9b5bc90c84d5,orange,3,20,2023-09-18
1b00ba93-da08-4300-a444-d1830ae0c69e,apple,15,30,2023-09-18
0a3baace-6179-4ca7-b9c2-a05b788b2414,apple,18,30,2023-09-19
24ca3f3f-4e95-4680-8da0-5ce180c7e477,orange,1,20,2023-09-19
d1ab1840-8051-4a1f-9b8e-83fe2c873185,banana,17,10,2023-09-19
54997082-ea42-409e-9c97-1ffec961dd4f,banana,9,10,2023-09-19
ca955808-af6a-4a5e-af85-0ea2bd3850e8,lemon,7,15,2023-09-19
21b5d0db-fa1d-4f55-90d0-1bbff2c9185f,orange,5,20,2023-09-20
aff23960-541e-46f8-988e-70fd6604c0bc,orange,14,20,2023-09-20
9a67549f-30b2-4c10-a01a-503c02b545f6,banana,19,10,2023-09-20
a4e99725-ab46-481a-8162-cb4c8016c7ac,apple,5,30,2023-09-20
39bc1c04-96c4-4b97-9b6b-4cc2968f5e10,orange,12,20,2023-09-21
de42e1b6-c334-4891-9091-1707b8b8858d,orange,5,20,2023-09-21
f8655a8c-429f-4263-b739-3c14e1b0d7ab,apple,13,30,2023-09-21
cc4b58c4-f055-42bc-be2e-046bdcd3c694,apple,6,30,2023-09-22
d16e437e-278d-4703-8ab6-b81ddada1077,strawberry,8,24,2023-09-23
2d6c547b-4fbd-4ab2-9e08-37e55736992b,apple,10,30,2023-09-23
b14c6167-2459-4ea0-b683-286cd1e70f11,strawberry,7,24,2023-09-23
6cacb7fa-f2f6-4848-98ba-e7ab300e3cbf,apple,20,30,2023-09-23
c71177aa-bc94-498f-b878-8d2ccd0db6aa,lemon,16,15,2023-09-23
71434044-cff5-4a65-87e8-a909073f052b,lemon,1,15,2023-09-24
fade0970-621c-4007-bb05-62ba3d1534a0,banana,18,10,2023-09-24
450f6122-d3a4-4db6-a112-658a44cf1671,lemon,16,15,2023-09-24
56dd754c-322e-47e0-8b77-88a8a715819d,strawberry,15,24,2023-09-25
e7e24ab1-d8c2-41ab-a3fe-9046fe4ad236,orange,5,20,2023-09-25
9b1ce1b5-f04e-48a9-a195-8d39562d945a,lemon,16,15,2023-09-25
d5049801-739d-4e48-9610-76ff69b07011,orange,5,20,2023-09-25
0379f230-1d0c-4dd4-80c4-07f2135df1df,banana,13,10,2023-09-26
7add89e4-535c-4c5f-b55c-f739e5486cf0,apple,14,30,2023-09-26
364d09fc-edc0-42ed-bd1c-a1bf02da2f35,orange,20,20,2023-09-27
664c3945-f6bb-4324-a0bb-07529340428c,apple,15,30,2023-09-27
97270e92-60f7-44c9-ac5c-eeb627b408b0,banana,17,10,2023-09-27
bc7f5f35-a5ea-4d4b-abac-0bd7fab3b659,apple,11,30,2023-09-27
fd4908b1-1782-46c4-bf1b-b102a3490cf0,banana,1,10,2023-09-28
db96bb31-69ff-47dc-ae2c-a8d8303aa483,strawberry,19,24,2023-09-28
6b41ee61-15b1-420a-9bf0-0c4551791d5f,orange,6,20,2023-09-28
94ff5797-82fa-43f7-8aba-5a1e7376c17a,lemon,10,15,2023-09-28
e2d64695-4e8e-4d7e-9df4-bbb591d05618,orange,10,20,2023-09-29
89c987fc-2b38-40e9-be0b-56a764aa09d5,banana,5,10,2023-09-29
0aa00e5a-5123-4505-8fba-a3cdc2fdb34f,lemon,12,15,2023-09-29
e4e6a892-3320-420a-9a42-f06268b1aab1,apple,4,30,2023-09-30
b9bce86e-8290-4329-b8bb-88b576f6d6ed,orange,10,20,2023-09-30
17008faa-6423-43ba-bf1d-24bfbd484bf8,strawberry,16,24,2023-09-30
973a876d-8681-4bc7-a5d1-d0c1bd0ace94,banana,15,10,2023-09-30
1e327b88-36ad-4412-94db-f43ae0aa9f3c,banana,14,10,2023-10-01
3f32a2c3-7560-4351-b1ca-2b715b4b3892,orange,19,20,2023-10-01
937bccd1-9f49-48f6-bce9-0f98e45894df,apple,20,30,2023-10-01
d1bcab40-055c-42c3-8cf3-9e0cc4c60590,lemon,3,15,2023-10-01
c5dab6b9-d832-4ad4-9fc1-1f4006ef9820,lemon,3,15,2023-10-01
8a9fff91-abea-4e71-b0a2-1693064e1e2f,lemon,17,15,2023-10-02
fdca4753-67c4-40f2-bdde-3df547aa143d,strawberry,11,24,2023-10-03
ec62525a-3047-4d7f-a5ad-d78728971736,apple,17,30,2023-10-03
eb3335b7-74eb-465f-a976-39a12409773b,strawberry,15,24,2023-10-03
e325b1a2-b613-48b8-ac52-c25c382d3600,banana,8,10,2023-10-04
b4bc3b4f-5e86-4a6e-9e37-faf04579efa0,strawberry,9,24,2023-10-04
b30e8a44-f5e3-43d9-a9c9-17f1cbe2db6f,apple,15,30,2023-10-04
231186e9-55ff-4403-8802-cb5db37d121c,strawberry,6,24,2023-10-04
89ca020f-1008-4233-abcd-a9cac833d400,apple,14,30,2023-10-04
6ebe95ea-551c-41eb-89b5-3d36cb4734f2,lemon,18,15,2023-10-05
06601853-5439-49c8-a5ac-1957a8b7d160,strawberry,15,24,2023-10-05
01a08502-4478-4c98-a43d-e8dfd8171ab1,banana,20,10,2023-10-06
ee1a603e-a991-4808-a874-461e6fa99f9c,lemon,3,15,2023-10-07
72b3c71d-fc7e-4407-80f6-8df507b53a7d,lemon,9,15,2023-10-07
140d2ea8-735f-4870-b27a-45066b5fdec5,banana,4,10,2023-10-07
9ce2911e-b507-40b6-bfcc-6b846fb6d5dc,lemon,18,15,2023-10-07
9e2e88f1-93b9-405b-b6ee-aa23685d8677,lemon,7,15,2023-10-07
50f59fb8-9ed5-49ce-af47-5208e552bc70,orange,6,20,2023-10-08
a5f94275-422d-4abf-8077-f9860e0177c8,banana,12,10,2023-10-08
fd99a96a-8b70-4a7f-b271-76d2acfa695e,banana,2,10,2023-10-08
1b44f44d-8d07-45f2-8e26-d00363d05531,lemon,12,15,2023-10-09
7078bc4c-7e93-4735-9d20-c4f78f80a731,banana,4,10,2023-10-09
5c432d00-c64d-4130-9163-46eb79bfa9b1,banana,2,10,2023-10-09
757682ae-4aee-4671-b50b-773d15acca2f,apple,14,30,2023-10-09
07c25e3d-1f09-42a0-8741-38e47a1239ae,lemon,1,15,2023-10-10
6334764e-7508-4adc-bbca-d203ed76feae,orange,16,20,2023-10-10
70c301ec-8ea7-4334-9cef-793035a44420,lemon,8,15,2023-10-11
608cd422-23a4-4431-9199-f821950edd0a,strawberry,18,24,2023-10-12
12fb25df-9568-4557-9b6c-039a305db3e0,banana,15,10,2023-10-13
bae8ffc2-f0b8-47eb-bdd5-108ad5b583f5,lemon,17,15,2023-10-13
277f5597-4767-47b0-8b6d-216449312aea,banana,1,10,2023-10-13
7b3312cd-b0ef-4e90-8268-32287c6f4d00,banana,13,10,2023-10-13
f4d3dcee-40b3-495a-8fba-7d4ceb952bbc,lemon,2,15,2023-10-14
2764b6e0-27d1-4ef5-a9c8-3ff262f68e44,apple,15,30,2023-10-14
a453095b-f061-4b1c-91db-437df4130014,lemon,1,15,2023-10-14
34faa12c-9b9c-40f0-953d-4469ac106f98,lemon,15,15,2023-10-14
920935cc-e62e-4fa2-9f27-d9128a83c51b,banana,1,10,2023-10-14
0b0e89e1-8a5f-4829-b32f-619bf1a197f0,orange,18,20,2023-10-15
aa65bc81-c175-4d10-ba7d-3eb3b0bd8ce1,orange,8,20,2023-10-16
9037dbae-dfe9-4c38-917b-5e279411de96,orange,14,20,2023-10-17
9fe56b78-1c24-462f-a643-a2cc3112d0c2,apple,9,30,2023-10-17
a9545c2f-2318-45d5-8827-6f0115b79eb5,banana,17,10,2023-10-18
d1c1fd1e-246c-48f6-b2ea-b326dd1d358d,orange,1,20,2023-10-18
a8d1446d-d775-42ba-a6b3-436b5e286884,lemon,6,15,2023-10-18
43e58a5d-b369-410f-b21b-940548aaf4e4,apple,6,30,2023-10-18
f17b83aa-9745-41e0-9794-04a4889d8208,lemon,18,15,2023-10-19
6476095a-cba3-4e03-92fb-4a28ead69af1,lemon,10,15,2023-10-19
ee1723ae-28b2-47df-953d-2fd10b1e2e2a,strawberry,14,24,2023-10-19
935c1f78-0de0-471f-98e5-537d6f65dce3,lemon,1,15,2023-10-19
e9b3fbbd-bdd0-44f3-aa93-fa726cb70456,apple,1,30,2023-10-19
914cc146-20df-46c8-aa7e-22bd66dc8205,apple,6,30,2023-10-20
ea9a1473-f84d-4ae1-bab7-ea71941b7754,orange,17,20,2023-10-20
41fbaae8-3905-4339-9457-3a74a1438b2c,banana,3,10,2023-10-20
93680649-da56-41c4-a912-341463c9b56b,banana,15,10,2023-10-20
978a1f8a-a54d-4c5e-98fd-4b6885ab3210,strawberry,15,24,2023-10-21
71f54a41-64d5-4039-9510-556c89f41b96,orange,13,20,2023-10-21
155597ab-6bc9-4544-b77e-b4f170f9e76e,banana,1,10,2023-10-21
4a78d1e2-c892-4674-ab56-90b78bb3fbab,lemon,1,15,2023-10-21
3b4333b4-b169-4aad-a117-ff7692ec85d3,lemon,12,15,2023-10-22
7c49a736-9f3a-44cf-ab11-107296350805,banana,11,10,2023-10-22
7eba0a11-a543-4d0e-910c-82978d5abd61,banana,12,10,2023-10-23
17ceee7b-690c-4652-9a16-02dcef42ed77,strawberry,13,24,2023-10-24
94cefcf7-9cb8-4d8f-955f-f8437be3a820,banana,11,10,2023-10-25
295de9e7-6dda-4e66-8860-ac6fc1fe938c,lemon,15,15,2023-10-26
f97849d6-07a8-437b-93c1-7934bb23fb00,banana,8,10,2023-10-26
8d12a369-3474-40f6-8060-0087e64a8971,lemon,16,15,2023-10-27
6fb3733b-e447-4160-be9c-8796ad295ae8,banana,2,10,2023-10-28
64fd4b2c-eba4-4bb1-a55d-0dcccaeeb44d,orange,18,20,2023-10-28
4a4b05dc-6a89-4f63-9e63-465495a11c09,strawberry,3,24,2023-10-28
473aac2d-f9e7-4b61-9ef5-8a55d1ed12ed,apple,11,30,2023-10-28
15cb3f3b-7c1f-4eea-96bf-e8e999161567,lemon,14,15,2023-10-29
a6d0712e-d095-4e63-8196-2533bd86901b,apple,17,30,2023-10-29
ac2f95af-2331-4bc6-8143-b66568f9adb1,banana,11,10,2023-10-29
ade52945-35c5-4468-934f-d178934a3e6d,strawberry,3,24,2023-10-29
7032acdd-ed16-4ba8-86dc-1ee668d711ec,banana,9,10,2023-10-30
fa7a626a-85b8-4136-be2c-30f14f778f46,banana,15,10,2023-10-30
34c7a469-504d-4f94-ab70-cd3ff82e772c,orange,11,20,2023-10-30
2cefe08a-7d10-45b2-8a80-4a256d48d6e0,strawberry,3,24,2023-10-30
6d767124-c7a5-41a9-855d-aa9081cf50e9,lemon,13,15,2023-10-30
03cb400e-2910-4a34-a3c6-1d2859895df9,orange,2,20,2023-10-31
0f6a1a3e-10c3-4dda-a743-495bef9f271c,lemon,3,15,2023-10-31
27d2cb17-2dd9-4d43-8331-ee88b677a56c,banana,18,10,2023-10-31
a2378d7c-78d4-425a-bb54-2095024f66b0,orange,1,20,2023-11-01
3b40f029-0a15-47e1-8c19-f0af4094c7e3,banana,10,10,2023-11-02
5acc7d04-d565-4d67-b2cb-f0db191ff311,orange,18,20,2023-11-03
51afb19d-3e49-406d-bfe8-86b24a473ccf,strawberry,6,24,2023-11-03
961d13f7-b9e0-4575-9190-87ccc72e566a,lemon,15,15,2023-11-03
881332b1-c94f-4e0d-92bb-4f679eff8116,banana,13,10,2023-11-03
824eb5b8-78fa-4917-aa02-afdc50c1e6cd,apple,20,30,2023-11-04
71d61150-0588-4bf7-a022-7178e218f29b,banana,11,10,2023-11-04
f0995ea5-7df7-4704-ba93-c59abeb4f094,lemon,14,15,2023-11-04
fb22ed5f-ead5-44a7-aa2a-4192e4bfef17,lemon,15,15,2023-11-04
203181e7-6804-45d8-aa46-16911b6cd3f0,lemon,20,15,2023-11-05
5d01ff3d-31df-4d7b-a6cc-1b7f56e45023,lemon,1,15,2023-11-06
b844afd4-0625-42fc-959a-90cc90086d57,lemon,15,15,2023-11-06
dcb872ca-119e-451f-b9dc-4e5c6c5f6100,orange,7,20,2023-11-06
7d195955-7eb2-4c40-83af-36075d3ebe59,apple,14,30,2023-11-07
0b686dc7-57f5-484e-a4d9-84c05b2ae9c4,apple,8,30,2023-11-07
471b4cb1-38fa-474b-a943-b89e42eb5861,lemon,1,15,2023-11-07
33076b9c-9592-4481-b3e0-9ec99856915f,strawberry,5,24,2023-11-07
95b5cdb7-0961-485f-9fe6-c25837560df1,orange,12,20,2023-11-08
8e32e1e7-bcd4-4958-b2e6-7eddcf5b1497,strawberry,5,24,2023-11-09
b7c1a3ef-d68b-436e-9088-9028a04d833e,banana,2,10,2023-11-09
46ae0f5d-f549-4acf-976b-b43b1603d709,lemon,16,15,2023-11-09
a844d149-c975-45c9-aba7-ab1e8aff5d94,lemon,18,15,2023-11-10
f4015fff-2c95-4724-8095-f086053107d7,orange,19,20,2023-11-10
05e532c2-8a5d-4244-a4f2-91c513c3cffe,orange,4,20,2023-11-11
4ec38d35-87fa-401f-84a8-e36a9537e891,lemon,10,15,2023-11-11
d54d3f60-e34a-41f4-bb2f-5c152e26818f,lemon,7,15,2023-11-11
2d709ffb-52f7-4ee2-81cc-b587d67d28fa,apple,3,30,2023-11-11
646370a7-2980-489d-9505-853beb62235d,lemon,18,15,2023-11-12
4f9f1d86-80d9-4b81-a3f0-ced3a39dbeef,orange,12,20,2023-11-12
bdfde85c-4681-4817-8fde-7e08e1dd9728,orange,9,20,2023-11-13
5e2f3c81-8493-46f6-abbf-4d771a5554d3,lemon,13,15,2023-11-13
481fa435-f5f0-4a9d-b211-8199433b40dd,lemon,15,15,2023-11-13
6bec63e7-9adb-49b7-a75d-954b536ffd88,strawberry,16,24,2023-11-13
2e61bfef-81c9-4f4a-aa33-9d4259eaefa1,strawberry,19,24,2023-11-13
a12009a3-a30b-43ae-a7e3-cc255973ade2,banana,15,10,2023-11-14
ac6b5e2a-246d-485d-9d2e-d1c5e79c39b9,lemon,3,15,2023-11-14
711adabb-3e32-446f-8f53-a9ab5e54567c,apple,13,30,2023-11-14
91c1c824-fb52-46ae-ad5c-96ab913a1e42,lemon,6,15,2023-11-14
4bd0e736-87f9-49c4-9a41-39b101c3157e,banana,2,10,2023-11-15
146c1595-081a-4a78-abee-36bddee16b2f,apple,9,30,2023-11-15
c61ddfc9-d218-49b6-b8a1-04115b1866f1,lemon,13,15,2023-11-16
abf4ae7e-7a10-4e2f-a150-fc4459fb7980,lemon,1,15,2023-11-17
e8edf188-8819-40ca-ad5e-15f4642dc080,apple,20,30,2023-11-18
5d2e3141-9f24-4db2-aeb3-d52ef82406fa,strawberry,2,24,2023-11-18
52ba830f-e13a-469c-8723-d43096b0ac0e,orange,3,20,2023-11-19
0640e750-f484-4d0a-82dd-c0265d16eb13,orange,14,20,2023-11-20
813a4b53-13d2-4a91-9b40-fae622d17898,apple,2,30,2023-11-21
8137c505-8388-4197-9e9a-c8918f1dce47,lemon,12,15,2023-11-21
54375127-62bb-4849-ad21-7776ec8dbe51,strawberry,4,24,2023-11-21
cbad30ab-04b6-4d6b-a912-2f41d8d2dc09,orange,5,20,2023-11-22
87e4cba9-2ef2-4547-81e1-0935a3fdba45,orange,13,20,2023-11-22
a8727f1c-45c0-4091-9e65-e5d8cd695ca9,orange,7,20,2023-11-22
0dd05a5d-b174-4081-99f4-73157714ae08,banana,9,10,2023-11-22
f7124584-cd8b-4f30-9fe1-366fcff3e53d,apple,11,30,2023-11-23
86ed8b9c-e642-4927-b3cd-d0cd1fed8f19,banana,5,10,2023-11-23
3b7f8daa-3185-4fae-a961-0c6e980a5023,apple,17,30,2023-11-23
5b083a68-b28e-4fd3-ac95-a1e80a98d3f1,lemon,8,15,2023-11-23
a870c309-3d17-4ea0-8871-f881d51144f0,lemon,3,15,2023-11-24
d6b5bbae-90a0-4294-9799-94310e32f2fa,banana,16,10,2023-11-24
198e88f3-ffad-4910-88ee-9fd9ead6c333,lemon,5,15,2023-11-24
0cc0cdd0-56f1-450f-976e-8e461af26dd1,banana,12,10,2023-11-24
a35001bd-bbd1-49b3-a40d-c4cb11f4eed2,apple,12,30,2023-11-24
a856eeb1-afd6-49ac-b3d0-7089c59cfc75,orange,12,20,2023-11-25
f6c1efc7-382f-4215-b73a-f83a0a1e26e1,strawberry,5,24,2023-11-25
f94a0333-601c-4f63-ad67-4ef978858c55,orange,19,20,2023-11-26
1fd732e4-a0f6-4b96-b6fe-4145a13dff21,lemon,8,15,2023-11-27
62e070ef-41c8-421d-a0df-769c8e2b9283,orange,20,20,2023-11-27
fb48833b-794b-433b-8be4-0eb0db593d43,lemon,4,15,2023-11-28
597b8f84-0451-4c42-8ace-1b7f8d41edf9,lemon,16,15,2023-11-28
a8b99427-7602-4d98-a6d4-3b97f855be85,strawberry,20,24,2023-11-28
ff4ca48b-e2b7-49bd-ac32-2187b58200c8,strawberry,13,24,2023-11-28
71e0e9f8-a335-47eb-a42e-98f646d5a272,banana,2,10,2023-11-28
93fcab02-3003-4890-9e77-482f7b8ce858,banana,14,10,2023-11-29
8585524c-4e1e-4d7f-9032-64e440e0fadd,apple,15,30,2023-11-29
0301dadc-05f4-42dd-a383-625077c69164,strawberry,16,24,2023-11-29
27e61e38-5fef-498f-bf12-b2101cd081a3,apple,19,30,2023-11-29
885e7a96-719a-42be-80f0-bc58e70b8b1b,orange,7,20,2023-11-30
85e52c79-dd2f-47f6-bc2b-69277b921b76,lemon,16,15,2023-11-30
d7029ba2-8f47-424e-b112-d5df4cdf9a51,orange,7,20,2023-11-30
60d0a903-b898-4fac-a864-a9f9b083d1f0,strawberry,8,24,2023-12-01
29265052-561c-4cf3-a4d4-5da3cc1223f5,lemon,17,15,2023-12-02
d1a94aa5-1dac-41ff-95cb-0548a3d8ed1d,orange,18,20,2023-12-02
bf7b4e99-ff54-4478-ac96-0751962089d2,apple,3,30,2023-12-02
be7331bb-bd85-4fc5-80a4-d89a6d3767e1,banana,17,10,2023-12-03
c6107850-ae68-48eb-a29e-d79264e546ad,apple,15,30,2023-12-03
a2f2b23b-7b1c-443f-a059-0df63cf6ac5c,orange,3,20,2023-12-03
fd273139-f989-4a24-8d13-6aa998fc7f24,orange,20,20,2023-12-03
f12007d4-4d2c-4fcd-8c83-f22824fbcaa3,orange,17,20,2023-12-03
12dc2d34-3142-4eed-9738-8e4b4740b8b1,strawberry,19,24,2023-12-04
2a877cfd-f685-4699-802c-0fb024d82fc9,apple,6,30,2023-12-04
3d80c745-ae50-4da2-8f1b-fbb9a1eff7e5,banana,5,10,2023-12-04
000cc4d8-6f6d-4dbe-a42d-5201cf6d7ab5,banana,3,10,2023-12-04
96fd63a3-5331-4a13-bf4a-0f7dc8b92e06,banana,3,10,2023-12-05
ccdb2c8e-7cf9-4886-a35e-e37ff36571ca,lemon,2,15,2023-12-05
a5b659da-cefd-4b27-9cc7-3b25721ba5a4,apple,14,30,2023-12-05
e096acfc-81b3-49f0-8300-7c7203f01a73,strawberry,16,24,2023-12-05
e36f2c7e-8f87-4581-92f8-35b680127f79,strawberry,1,24,2023-12-06
3cdec0dc-ed21-43d1-84f0-273251a60306,strawberry,9,24,2023-12-06
626a8449-2508-496a-9558-e335bbeda8d3,banana,7,10,2023-12-06
e9cd6ea7-249d-4e72-ad08-4d3cafbe57aa,lemon,12,15,2023-12-06
328e8a97-8cf6-4ed4-9c65-805b51c05241,orange,14,20,2023-12-06
cfdb14d8-9324-4385-a483-4e7bc79e0764,lemon,15,15,2023-12-07
738ad84b-8541-43ac-bbec-020d3598b2db,lemon,5,15,2023-12-07
afb3d67d-aab0-4214-a446-84fbb698cad6,apple,9,30,2023-12-08
4fe2d6a2-e5a5-4e5d-a0db-cc8f0412508f,strawberry,9,24,2023-12-08
9b5f44ad-9a40-46a4-8342-09802ac3399e,banana,10,10,2023-12-09
7fb313cc-c322-495a-81cd-afa4c3f51b18,orange,12,20,2023-12-09
3ff1812c-a039-46fd-84e9-ef6e3c759f82,banana,18,10,2023-12-09
cf383b0e-27b8-458c-974f-d521fd315a1f,orange,19,20,2023-12-10
bd54cffb-aea2-45d6-8ee1-762b6cd4b99d,banana,8,10,2023-12-10
c0e43d5b-e06f-4f87-a96a-6c6039a49c22,orange,9,20,2023-12-11
8f64948a-a8de-48f2-95d9-5ae3431b844a,apple,9,30,2023-12-11
4bc81ff9-016b-43da-9540-cf1e992e72c9,strawberry,1,24,2023-12-11
94d187b9-3af8-4024-bb94-f57eb49da8fc,apple,6,30,2023-12-12
2e513204-2997-4f11-8486-e0476e7a6e60,apple,18,30,2023-12-12
69181e64-0a63-4747-a0af-e3c0bf21a453,strawberry,12,24,2023-12-12
99cb59c4-7a1b-4d97-aea6-51fe6c86daa2,lemon,17,15,2023-12-12
b5447d7f-5758-42a2-ad57-c2de7506f036,orange,15,20,2023-12-13
11237a48-ea4b-42c8-a853-32db52d64e1e,strawberry,8,24,2023-12-13
c11eee13-4a11-451e-b385-63f798553882,banana,2,10,2023-12-13
2ce47f87-b017-44a2-a0ac-277689f0fcc0,lemon,18,15,2023-12-13
97a0e886-6488-4c91-a916-bd804460e011,orange,6,20,2023-12-14
fc13685f-6b47-491d-80d0-2084e3d98dc6,strawberry,17,24,2023-12-14
c0a9f70e-9fd3-4b09-9fbe-6f01cc1e6c0a,apple,16,30,2023-12-15
5c703bee-2c36-4f21-82e2-59157ff3d5d3,banana,1,10,2023-12-15
97888d0d-2757-404f-a12c-f5f04760558a,strawberry,16,24,2023-12-15
15d40af4-932b-4a50-8773-ca7229148c81,apple,8,30,2023-12-15
86e16f71-7d74-4aeb-b78a-f2be89c42265,apple,7,30,2023-12-16
1f8ab462-d7de-44b8-b9ce-2b78c94abfa3,lemon,5,15,2023-12-16
f5064022-1426-4abe-88dc-d3120fd315a1,banana,7,10,2023-12-16
ea5b00bc-5bc9-40ee-b732-e48dc42b3165,apple,15,30,2023-12-17
d73d9071-f73c-41c0-acb0-fb5cabec483a,lemon,6,15,2023-12-17
31043253-6ae9-49cc-b403-98170ba6fd7d,banana,4,10,2023-12-17
26a5731d-f320-4994-840b-36316e9b42ed,apple,17,30,2023-12-17
bd76a01c-11fd-4a94-beab-268a4b8ad2be,orange,3,20,2023-12-18
93708182-ba6b-4e4d-aaba-51a5993de503,lemon,3,15,2023-12-18
75092c0d-080c-4806-a8bc-6083196452d2,banana,3,10,2023-12-18
06c21f88-add5-45bf-ac98-7cf2093f1dbd,apple,8,30,2023-12-19
b35c9b07-243b-4493-b190-3791da41e13a,banana,6,10,2023-12-19
d0ba01c0-546f-462b-b413-afb75d6d8796,strawberry,11,24,2023-12-19
8edbdf18-4f71-4fa6-ba9c-26eb028ec99e,banana,1,10,2023-12-19
61e01e61-c9c5-4be4-8e48-39f91ffbd27a,strawberry,3,24,2023-12-20
76f3f207-f641-4ae8-bd0b-b4e526520ef7,lemon,5,15,2023-12-20
b7462039-610e-420f-852e-1c121078aba0,banana,14,10,2023-12-20
1164583b-b9e1-4ed6-bec9-7bf7238ce8cc,lemon,18,15,2023-12-21
a8122bfe-89ee-46bd-94d1-e58e5e71f1b8,apple,5,30,2023-12-22
69895860-b598-4abb-9732-f95827b51419,orange,9,20,2023-12-22
5518a0ec-c78f-4413-967f-cef99c12f2c9,banana,11,10,2023-12-22
c3354d7e-c2c3-4847-9179-385482d8d7ba,apple,10,30,2023-12-22
483937b0-4add-403d-ae42-ac03e67f910b,strawberry,2,24,2023-12-22
b9d1c8e5-26b2-47fe-9936-eaf683ce4e79,apple,13,30,2023-12-23
c533fc15-ee55-48fc-a3f5-801bea742815,apple,5,30,2023-12-23
476e970e-7489-4cbd-996f-6d97024ece4e,lemon,5,15,2023-12-23
a4beac80-9e61-4759-bb65-9730eea844c0,strawberry,14,24,2023-12-23
cbdcb773-6cea-4a37-8a77-ece84c89785c,strawberry,20,24,2023-12-23
8b2c76da-bd76-4709-ae02-7a9d0a196ab9,lemon,5,15,2023-12-24
ee2b8625-a778-4443-abf9-fad6d8e5f013,orange,9,20,2023-12-24
bb7ce27a-5a4f-47ed-a111-c9eb768fd1d2,lemon,19,15,2023-12-25
54ad8783-f0ef-4408-9332-32a4826e2298,apple,1,30,2023-12-25
c90b1feb-bbef-4593-b7ff-09367ed3cc77,apple,20,30,2023-12-25
a2d06e67-0669-4e71-a7b7-5c58e37d4122,orange,10,20,2023-12-26
2b1a630e-7292-40b1-a584-dd3fff19c8ab,apple,12,30,2023-12-26
5de590ea-65dc-4179-8a75-51608843767b,banana,2,10,2023-12-26
894f4f55-c446-4f05-b7db-b538a49c41be,apple,6,30,2023-12-26
6f72ad9a-05d8-414d-96ec-5bd0ae95c0cb,banana,16,10,2023-12-27
58a1a7d8-9f62-403d-9a56-055991f6f7d0,orange,11,20,2023-12-27
3b188d5f-1ba0-4d4e-9efa-1e258a60e69e,orange,15,20,2023-12-27
31d54d6d-51ea-4efc-84fa-f11e4017d94f,lemon,13,15,2023-12-28
e1aaff6d-19ee-4d03-998e-507deccbd347,lemon,16,15,2023-12-28
b9b3bd1b-4b85-4cff-a196-aed3c1213ebd,banana,18,10,2023-12-28
a4104255-df5e-43f2-ad8a-d8acf76a9937,banana,15,10,2023-12-29
09079084-8f3e-456b-9325-0b6b60810a92,lemon,10,15,2023-12-29
608234c6-0daa-4deb-8c45-8c357efaedc9,lemon,17,15,2023-12-30
f5c342bc-9363-4abe-9e63-5deb2e04ef16,strawberry,19,24,2023-12-30
dbfc8eab-21c7-4012-8c90-68b41e3b2d51,banana,19,10,2023-12-31
550f8814-3a0f-4237-af05-e5484d4d606f,apple,11,30,2023-12-31
