id,item,quantity,price_per_unit,year,month,day
25d160c2-aea4-4909-8b6a-68e0f3e06788,lemon,17,15,2023,1,1
c867c36f-38a7-4522-afb9-f489e060fbf0,strawberry,7,24,2023,1,1
be447301-8d2a-4c62-930a-c906c4a454d1,apple,12,30,2023,1,1
04181ff6-636e-485d-a2b5-3d089988a53f,banana,6,10,2023,1,1
fb8c1b67-0d41-4a69-9891-d75067c1506f,lemon,13,15,2023,1,2
f0c97d2e-966e-4286-ac30-8d71b2831178,strawberry,7,24,2023,1,3
151ec273-0eaa-4a21-ab40-6fba48ef85a0,banana,10,10,2023,1,3
16239bdf-43b7-4401-8203-e9a98b57e5ae,lemon,4,15,2023,1,3
53e9ea65-a84b-413a-a854-74e5c40e2bb8,banana,7,10,2023,1,4
a5ebd736-e340-4edc-8a1a-df8bf66b24af,apple,15,30,2023,1,4
1ccc1152-8dea-4b78-8d84-9c9bcfe1c40b,orange,17,20,2023,1,5
de365cf1-2dcd-479d-8d33-7f0fbf212c1a,orange,10,20,2023,1,5
59171670-15d2-4116-8225-c228d2f3e0fe,strawberry,9,24,2023,1,5
4888b03d-8b8d-4df3-acf0-f3671273ace3,apple,6,30,2023,1,5
be91afcd-80db-4cd7-ba96-c9c0a2a27129,lemon,15,15,2023,1,6
630919c5-f6d2-4444-b9d8-73b3d058d45f,lemon,2,15,2023,1,7
02c20586-e629-4b87-a2ad-0efdaa8fd245,lemon,11,15,2023,1,7
73746536-8fc8-47f3-b817-8ea1571ffed3,lemon,11,15,2023,1,7
a3b35597-c8dc-4d81-b322-308963096b12,banana,2,10,2023,1,8
c43c45c9-2fb9-4c68-afa2-644befe5e2c1,lemon,10,15,2023,1,8
518683a2-d107-42fb-b584-6a6364738da6,apple,17,30,2023,1,8
ee07daba-e1e7-4bb6-a6aa-83797e528745,lemon,2,15,2023,1,8
f8cb7a32-2f71-41dd-be15-e182093d4f6b,apple,10,30,2023,1,8
d6470c2e-ba81-44e7-9e10-d3acb92d5a06,strawberry,11,24,2023,1,9
bb0ac53f-91e6-41e0-b5c4-c3ece6da4901,lemon,15,15,2023,1,9
bc8cf72f-cee1-47cf-b90e-adb36b8ba0a1,strawberry,7,24,2023,1,9
24ed66b7-46be-4920-b489-c717dc34c8d1,apple,8,30,2023,1,9
70c4fa92-b243-4575-9702-92ee336f47ad,orange,11,20,2023,1,9
b3c8492e-317f-4e36-af85-b2a73781c0ca,orange,3,20,2023,1,10
8cda21ae-f3f3-4355-9ca9-0fdc305eb1c3,lemon,2,15,2023,1,10
1fd78cf2-2ac8-42ff-8b35-6a88b731ba83,strawberry,16,24,2023,1,10
6f82babf-bd8b-4294-a8cf-361f56a2d49d,banana,4,10,2023,1,10
f5b12213-2d26-42ae-a2ab-b2032e7b80af,apple,15,30,2023,1,10
f7e5d687-4157-49b1-9c97-e1e77f90c46d,lemon,1,15,2023,1,11
bd25f0fa-c7d2-4e82-b496-ac3a31715ebd,banana,15,10,2023,1,12
374e9dc9-9ec7-45ec-93e7-df41f3ad4502,banana,5,10,2023,1,12
fca85c13-2438-4d7c-83b1-93709de16c1a,strawberry,13,24,2023,1,12
19fe0b61-e420-4e09-9662-2a268ba6b576,banana,17,10,2023,1,13
1d025d1b-e10b-4b29-8d78-cb1545ef9f7c,strawberry,6,24,2023,1,13
d59913a5-5cca-4682-9c6f-ae1192f588dc,apple,9,30,2023,1,13
e9e7add8-3715-4ebc-9202-292e9a2f0f9f,strawberry,10,24,2023,1,13
2147406d-930c-4923-9751-ca1c06b651b3,strawberry,11,24,2023,1,13
49f9be87-9c3a-4b22-b33b-3cf1b2322cc4,apple,16,30,2023,1,14
e601994b-d7f0-42bd-b7c5-93bda88d3833,orange,16,20,2023,1,14
a55ff76b-9a6d-48bf-ba1c-965b8616a97b,apple,3,30,2023,1,15
4398fde4-b054-4a5d-99e1-592db53be04a,banana,11,10,2023,1,15
d0094421-ee58-4faf-8145-dee603e2d244,apple,13,30,2023,1,15
eeb6313d-fd2c-4d45-876a-43973ab96c45,apple,5,30,2023,1,15
97e18681-9d00-4184-99bd-dc10ca61c707,apple,6,30,2023,1,16
b45d8821-25c7-41e1-a14d-96060a926521,banana,18,10,2023,1,16
efc0cf6a-dd3d-412e-8b26-dd6b780d88ed,lemon,15,15,2023,1,16
4597b40a-ab20-4818-9fc2-6ae8a5d2ccba,lemon,2,15,2023,1,16
505a9abe-3707-48ca-9bf5-b0764b875113,strawberry,19,24,2023,1,17
5a2b16b1-4d33-4da0-8d4c-de4c29e3743a,lemon,1,15,2023,1,17
ab345fcf-c529-448e-93ab-a5e4347fa34a,lemon,7,15,2023,1,17
484ead75-fc9d-4f53-9ce2-6d37f884d141,strawberry,18,24,2023,1,17
15c29b78-9cd2-4e6f-aa9f-ae6a8b76c2f0,banana,17,10,2023,1,17
2f94de78-0395-4598-ad6a-569720056155,lemon,3,15,2023,1,18
bc5a6a15-4274-4e73-b301-6daf5f01cd97,lemon,16,15,2023,1,18
028ff7f7-e916-4f44-88fc-ac1f405f9678,strawberry,8,24,2023,1,18
786d4a58-2e88-42a4-a577-3796178bbc74,banana,19,10,2023,1,19
e62cc46a-977f-4665-8155-34a5ee9b9643,banana,18,10,2023,1,19
7bbcdb74-25ac-40ea-aa34-c6a7109f55df,lemon,1,15,2023,1,20
1fedcd5d-51bf-4a44-ba9e-02d17dcaf78f,orange,17,20,2023,1,20
b031d99a-d91c-4bc4-ad6f-13841770ee72,orange,19,20,2023,1,20
72925828-a805-461e-8676-893d1be7001e,strawberry,14,24,2023,1,20
a8684269-ab8d-4438-808c-df27fb758eb6,banana,8,10,2023,1,21
0ccce44d-3c6d-4aef-86ab-3581f877eccd,lemon,18,15,2023,1,21
5a907ca4-efd0-4086-9908-b8f8cb5247f5,banana,8,10,2023,1,21
7e7a0ae6-8bfe-4449-a013-ec0ae3aed08d,strawberry,2,24,2023,1,21
b35a458e-ba59-47b6-b4e6-c8bc2944ba42,lemon,2,15,2023,1,21
8cd0792b-80b4-4343-a3ce-0937ed9e77b7,banana,6,10,2023,1,22
bdf34f2e-a482-409d-a314-878d40bafd0f,lemon,5,15,2023,1,22
ba910eb3-b68e-42ca-8119-fb3c6d4af852,lemon,17,15,2023,1,22
bb29906a-c827-4b70-a55a-d314c9a08821,orange,15,20,2023,1,22
03a262d4-6d4f-4cc1-82c5-f1217d162a2e,banana,18,10,2023,1,22
0062d10a-6727-4227-8728-c3d25a063136,banana,19,10,2023,1,23
58684468-7073-44a1-ad91-e487111e1f53,strawberry,3,24,2023,1,24
eb539827-ead3-4fa1-9864-47af2ad03d1d,orange,11,20,2023,1,24
b3d565fc-1292-4bc7-b744-e5fddab40eb7,strawberry,6,24,2023,1,24
da34d56e-29a7-454d-9331-77c7d8c4356a,orange,17,20,2023,1,25
f1f06013-46c9-4e97-be3f-608f17c43a31,apple,5,30,2023,1,25
b55ec65f-15d0-44aa-9340-3a1f7b91d67b,apple,7,30,2023,1,25
1f4f2016-6a19-4797-be56-e0cb615ea11b,strawberry,17,24,2023,1,25
d584d3a7-6a29-40ea-b4c9-7e42b7541fbe,lemon,12,15,2023,1,25
f53123d5-b9ef-458b-a3a7-ab297f35b3a7,lemon,8,15,2023,1,26
f9d0a24c-4b5d-4f65-a348-116a5ec6617a,banana,17,10,2023,1,27
4e1395f8-74a6-4f10-acf7-c3c8bab61e4c,banana,13,10,2023,1,27
6d062cd5-8297-4bc8-9876-bf9b8299ceb7,orange,16,20,2023,1,27
8d951d46-6346-4df5-a657-35a072f85d11,strawberry,20,24,2023,1,27
777aca09-418d-4e4d-b169-bae939f042e1,orange,11,20,2023,1,28
8f97dee8-7c4e-47ba-a37b-159aace0e662,banana,3,10,2023,1,29
21e0d756-12f9-42ab-8d81-c1ada93e585d,apple,9,30,2023,1,29
3c55973d-0642-424c-9ace-5c4852ca2f31,lemon,6,15,2023,1,30
f4e5a22c-9e0e-45ae-aadc-fe1b55624fe1,strawberry,8,24,2023,1,30
bda54076-7097-4a06-8260-c531b488af3f,lemon,4,15,2023,1,30
51f8e982-41a6-4c7c-85db-28d2eccb1072,banana,11,10,2023,1,31
a2ec031c-2037-4728-ab28-4e5b0e7c5327,orange,8,20,2023,1,31
ba6819af-6b3a-41d6-9daa-97e0c3603f3d,banana,12,10,2023,1,31
3d01ccf3-c94f-433a-8370-2f5cde45c055,apple,1,30,2023,1,31
22ae2272-99f5-412f-974a-abec4435298f,orange,7,20,2023,2,1
43e74216-fcd7-4832-b7f9-0018b0a599a9,banana,11,10,2023,2,2
d1b427a9-ed06-4b6e-934a-e959033a2e5b,lemon,4,15,2023,2,2
73fab50b-6e63-4f44-909f-d12a8dbafd76,lemon,5,15,2023,2,2
7e131741-fd8d-4475-b219-49f09a9da20f,orange,4,20,2023,2,2
9205ba65-2991-4dbd-bca3-585cf407bf9e,lemon,7,15,2023,2,3
d350acac-c305-4c24-8045-1531c254852b,banana,15,10,2023,2,3
4577ba83-4fbc-43f5-b263-664fa061e023,strawberry,4,24,2023,2,3
19a2eb31-d801-47ed-b968-5a059986c5eb,orange,2,20,2023,2,3
98eb7f2a-a882-49e4-b89d-923bd3402435,apple,20,30,2023,2,3
a72d544e-33c4-4c0f-a6fa-533d940ddb0d,lemon,6,15,2023,2,4
13c44854-eb92-445f-8f27-f3ddd7bc7494,orange,4,20,2023,2,5
c8648cda-7840-48e1-bd42-d72521abef2d,banana,4,10,2023,2,5
1f150e84-9a7d-4052-b96e-f838c0d62f45,banana,17,10,2023,2,6
8acce70d-bde8-4c07-96e1-da0620f832ae,apple,17,30,2023,2,6
cbda1e97-f709-4da2-8906-cf6ef3a071a9,lemon,1,15,2023,2,6
639107da-c7fe-46f0-934b-7e0b450c675f,banana,12,10,2023,2,7
091412a1-73f2-4858-9789-98cc3c2a7a64,orange,13,20,2023,2,7
b01387e5-888e-49ea-b90b-af2db708d366,banana,7,10,2023,2,7
e17d10dd-a274-4228-aa63-1ba6521ab46e,banana,1,10,2023,2,7
bc6c8de1-71cf-45cc-8796-c6d522fadf96,orange,18,20,2023,2,8
70d6cdfd-16f7-4c73-837f-0e667b357a73,lemon,17,15,2023,2,8
592afb2c-6da0-4ffa-98ad-3fd0c89c36d2,lemon,1,15,2023,2,9
cae5938e-49af-451f-8e68-148839b11f69,orange,1,20,2023,2,9
d0d3b8a5-7eaa-428d-8646-fdb309be899d,orange,8,20,2023,2,9
6a76a45e-8c84-40e6-8ed3-24673c065b29,banana,13,10,2023,2,9
48ef6601-25e7-42b2-b08a-c40c7f15a8fe,lemon,8,15,2023,2,10
19948d7d-ce4b-491d-99d0-d7d4b60945b8,orange,12,20,2023,2,10
16cacdea-4bcf-4de8-ba01-50e8175545ee,apple,8,30,2023,2,10
1a8cf7be-ed9b-4cef-bf6f-05ed76c582a7,strawberry,5,24,2023,2,11
75847d95-8835-43e2-8eb6-deb0c7981ba8,orange,8,20,2023,2,11
7949f2cb-7bc0-4f89-9ec5-11e06d10fbde,apple,2,30,2023,2,11
0e683802-2fbd-4b80-984f-27e8cf6a646f,orange,3,20,2023,2,11
ddd30fd0-a435-42ce-8384-d615eeb26ba0,strawberry,13,24,2023,2,12
45704542-19ee-4460-a2cb-611768b0ffd4,orange,16,20,2023,2,12
411c60f5-067f-4e23-bf11-cef69b5326ba,lemon,6,15,2023,2,12
5b46990c-f113-4247-8700-17d568ddfbc0,strawberry,14,24,2023,2,12
102b2d02-90b9-44a7-93aa-d6e950b99774,orange,5,20,2023,2,12
7ffc4ecb-b8d0-4ee2-ad33-f90c7a88493e,banana,6,10,2023,2,13
709a1ef9-407e-47b5-99fd-7c3df17eff3c,apple,10,30,2023,2,13
45b16533-8573-43cd-9108-a9fbac59337e,banana,19,10,2023,2,13
3fd4c57c-2b9b-402c-af94-fedd68f0b503,banana,20,10,2023,2,14
028529b9-d889-4aee-b536-80ccb01ed983,lemon,12,15,2023,2,14
99f3e32d-3c22-45ba-b12e-a70cfef53dc9,orange,14,20,2023,2,14
9fb3e5ae-5c6d-4f5b-b39e-a75ee68b6928,orange,16,20,2023,2,14
2a44403c-871b-445c-bec1-734f7b32bfe9,banana,4,10,2023,2,14
55b5d63d-c81c-406c-ab22-80f8f9e9c4c0,apple,6,30,2023,2,15
97219044-1598-4a30-8e73-bf19209b40fc,strawberry,9,24,2023,2,16
a0b67470-592e-4a0a-a28e-bfc3c947ec5e,apple,5,30,2023,2,17
fe19ff1c-4033-4e0f-adf1-b028dcfc1db8,banana,6,10,2023,2,18
ab46177c-ac15-4249-8fc0-1dd6a048a89c,strawberry,7,24,2023,2,18
fbb6742a-6757-4b6e-93e1-53ddeabc4cdf,strawberry,15,24,2023,2,18
db8f20eb-563f-4b85-b748-d68b402398dd,orange,18,20,2023,2,19
b9278fd7-1d19-4811-b746-b4aa371ca78f,banana,7,10,2023,2,20
7cbff7b5-8d03-465e-90c3-60568acd61ae,strawberry,9,24,2023,2,21
70c456b3-e606-4d83-8236-ecb917af08d7,strawberry,16,24,2023,2,22
21d964ae-7967-45b1-ade5-1c698c1bf151,orange,1,20,2023,2,22
9aec2431-ab5b-4d4c-a66e-46ed3d5d869d,apple,17,30,2023,2,23
91e56f00-721c-41a0-b1e9-d17958a9b7be,lemon,2,15,2023,2,23
40d01b0a-aa40-4ddf-9576-0b880e342f92,banana,11,10,2023,2,23
af84accf-6cac-4527-ae41-5fb256525c0c,apple,10,30,2023,2,23
2359190e-86f0-4ce9-987c-68086c2b11ba,lemon,18,15,2023,2,24
5a25cc15-0f5f-4758-a508-26b788ada9a6,apple,14,30,2023,2,24
7181b83e-7514-47c4-a0b9-1e22dfbd1049,strawberry,16,24,2023,2,25
061ed23c-9f92-40af-b5e0-e7c2ea2775bd,apple,15,30,2023,2,25
7e13795f-d60a-4894-b468-d8533be7bb04,lemon,12,15,2023,2,25
da0e2346-2e8d-413d-8b0c-7830963b4d03,lemon,4,15,2023,2,25
7a99202f-8921-404f-841e-8cd68e0bc12d,lemon,15,15,2023,2,25
73148808-9990-4c33-8669-fa412e8b3ad3,orange,10,20,2023,2,26
49f92021-0d47-4431-83cd-a2147df7efec,orange,8,20,2023,2,26
3e86bf37-cff3-47ab-8e3a-2b0e0c9ea1fc,banana,7,10,2023,2,26
2789204e-d333-4b1e-a515-71cf8464b1ad,apple,10,30,2023,2,26
31657a66-ff8c-4a6f-894c-500806ee82ae,orange,11,20,2023,2,26
d13aa986-bdb5-4574-a98a-40cf69d77750,strawberry,5,24,2023,2,27
33afadc7-26bb-45e3-ba51-21b9b28747dc,orange,7,20,2023,2,27
d9edad9f-bb26-45e3-a1fc-763169ad5681,banana,3,10,2023,2,28
06aa3334-6241-42df-b620-64a4d37588d2,orange,13,20,2023,2,28
d28e9f32-a538-4145-a24e-9a8db943e3ab,strawberry,3,24,2023,3,1
89c286d9-959f-454c-9398-b04329a9efd8,apple,10,30,2023,3,1
d1cf4f8f-d013-45e5-8eeb-a6551cbf6af9,strawberry,18,24,2023,3,1
af5bb47b-c212-4534-ad75-1aa62bc3b6b2,lemon,16,15,2023,3,1
bba99b8c-596d-4917-b6a3-1c65935c02a9,banana,13,10,2023,3,2
67fec578-61de-41ca-870d-9b710858b986,orange,5,20,2023,3,2
10675ea6-fc7d-4f82-93cd-b43588ebd100,strawberry,6,24,2023,3,2
059c2a15-6d23-494e-b643-ef35dbe5b383,lemon,15,15,2023,3,3
3ea74130-566e-422a-a7a5-b5b3b527486f,banana,10,10,2023,3,3
df39c9f3-d217-40ee-b25c-09292133fdd1,lemon,7,15,2023,3,4
1faedb7a-d75b-4610-ac68-0c08d185804f,lemon,10,15,2023,3,4
ea77fd9e-8736-4543-a83f-ea979f89995f,strawberry,8,24,2023,3,4
bd1d789b-2e49-4ad4-9ef3-a16900c9b701,lemon,8,15,2023,3,4
56dc0692-4240-4561-bc56-6d01fae819cd,apple,9,30,2023,3,5
2273d89d-9977-4b7d-83c6-b9ceb060df41,apple,13,30,2023,3,5
647c1233-ec5b-49a6-93ac-acf695151d23,lemon,1,15,2023,3,5
c63c97af-8cf1-473b-bff0-8498a85ae46b,banana,17,10,2023,3,6
8caa4670-a4f3-4120-8f50-c52553360b08,apple,9,30,2023,3,6
fe3d28b4-069d-4458-88ba-1778e55d4f08,apple,11,30,2023,3,6
4f7c89c8-1e2c-41cd-9b21-69e257ce4c2d,lemon,1,15,2023,3,6
20e8c92e-72e2-45da-bb35-dc7a06a53e68,apple,16,30,2023,3,7
48001893-c880-4bdb-aeb7-15bc605ca91b,lemon,8,15,2023,3,7
34bcf0f7-adec-4133-a334-ebefd0e857cf,banana,9,10,2023,3,7
807e02c9-1fb7-4c18-98b7-1e56f5cf9799,lemon,1,15,2023,3,7
1da81198-75f2-4018-9aa8-ec76546bc066,banana,7,10,2023,3,8
75f7b84a-667f-477a-82b1-1c89e6228d6f,banana,8,10,2023,3,8
85ce8a4f-246f-4a8f-9165-f2b715ef17aa,orange,15,20,2023,3,8
4bfd1d71-6e02-4c15-b1ea-41a21d28a1a2,banana,15,10,2023,3,8
9acadcb8-32ee-4187-bfb5-2117a13d1b3e,lemon,11,15,2023,3,9
68b0fcf9-8899-4b05-8f5d-686e73bc07f5,apple,16,30,2023,3,9
092d6722-208f-4211-b2ec-02f71940b65e,orange,13,20,2023,3,9
221f7d26-9998-4ff9-bff6-c8e84ae698c8,apple,11,30,2023,3,9
8deb4d74-8ff6-428a-98d4-3b5063489c3b,strawberry,10,24,2023,3,9
42da8b98-412f-436d-9bdf-b02419752c2a,lemon,3,15,2023,3,10
0236e473-337a-4d8f-927e-0ecdb338723d,apple,17,30,2023,3,10
9758aaf2-3965-490f-8b8f-bb0a246d308a,strawberry,5,24,2023,3,10
04e51c7c-561d-469d-963e-2638b8d0b0f8,apple,8,30,2023,3,10
19dc4b58-85d6-462e-8e38-1b96960a1bc2,lemon,5,15,2023,3,11
4ff290e0-6a88-470f-8a18-f2e163d34e56,strawberry,10,24,2023,3,11
761e5a40-4641-4915-9609-00a95ea3e12a,apple,2,30,2023,3,11
7cab8f1a-5af4-4c6e-b02a-dd343a44430b,orange,2,20,2023,3,11
6d1eef30-92e9-4402-8399-4cf98b1caad2,orange,5,20,2023,3,11
919a19d4-eeb4-4ab8-958c-ba42beac54cd,banana,14,10,2023,3,12
d7122462-7bf0-49c1-8194-d95b96ecc02e,banana,14,10,2023,3,12
6615652a-eea4-46d6-8b29-9e040a1216bb,strawberry,10,24,2023,3,13
12084033-d288-4b6c-9b73-3f8e61f153d9,orange,9,20,2023,3,13
9825685d-1e01-4e7d-81cc-c190f910fe04,apple,6,30,2023,3,13
0071fd8f-f238-4bf1-9421-69c3cc06ec84,strawberry,11,24,2023,3,13
8da8fe01-846c-48cb-a09c-4b4a4b2adc0e,strawberry,1,24,2023,3,13
464b0718-7b73-4730-9cdc-7183766e639b,apple,3,30,2023,3,14
15e4d9ec-a00c-4264-9155-44f7a041f3d0,lemon,12,15,2023,3,15
32d477a0-ad5c-4d5e-b0eb-67317c98004e,banana,7,10,2023,3,16
d067888d-99af-4a10-83ab-39dd9c2ddeee,apple,13,30,2023,3,16
03c715d7-2d19-4180-8d35-b86a45a6d5d6,lemon,17,15,2023,3,16
ff0421bd-92a4-4712-8394-df8d4107e449,banana,1,10,2023,3,16
d02d56d0-1fab-429f-b54b-014d64d4f836,orange,10,20,2023,3,16
4be8dd6a-ebd3-4b6c-89e5-dd0014707fb5,apple,8,30,2023,3,17
d366259e-4f19-41bc-87b6-2710a80473c9,banana,1,10,2023,3,17
8b8fcadf-a94a-48cc-9183-ea5296f1e0bd,banana,18,10,2023,3,17
3ed38d21-e75f-44c4-a160-15710890b380,strawberry,1,24,2023,3,18
dc75cc46-d5cb-47f1-9565-01f9f4ac6f67,apple,8,30,2023,3,18
9a93e2a2-2adb-4222-9d03-4b8b4f0df8ab,banana,13,10,2023,3,18
09c758ce-cab0-4eea-9200-190c0316943c,strawberry,18,24,2023,3,18
be65ed0d-f8d1-42c9-9889-9cf39ff32ace,banana,7,10,2023,3,19
a8375e67-5d6f-4643-a090-35dfdcbcb3d0,banana,17,10,2023,3,19
bb74c4b4-8354-4b29-baab-ac26df74fc27,apple,2,30,2023,3,19
22998678-10b4-4c26-a40e-6c331b801645,orange,17,20,2023,3,19
47b47a67-5776-4249-b5a5-b5aebec413ae,lemon,7,15,2023,3,19
2d30babe-c349-4b0e-a6a5-582d8a4eb317,strawberry,7,24,2023,3,20
2862d3f1-75d4-43d1-bc04-4cca33a2d8e1,banana,12,10,2023,3,20
54deff61-9343-4f22-8717-0df6c0a90c34,orange,4,20,2023,3,20
b38cfbb1-72a2-4bce-b0fb-ce8b41058300,apple,19,30,2023,3,21
b29bf9fb-008c-4c6b-9607-88265fafd8d8,strawberry,19,24,2023,3,21
2717c0b3-aaab-4ec2-8d13-44436c5c7f76,apple,3,30,2023,3,21
4c59863c-c718-4da3-bea9-44b0b4b44191,banana,13,10,2023,3,21
1a8df2a4-cdb9-4e99-9d35-c1e958eb8601,orange,1,20,2023,3,21
049d0b65-4712-4763-b9a2-5852ebf9faff,strawberry,3,24,2023,3,22
a32f1c44-113d-49fb-a93d-34cfd6ab0726,banana,12,10,2023,3,23
36979313-c8de-4bf4-95e6-106ed8f4dc42,lemon,7,15,2023,3,24
e8ddfc62-9a23-4dd7-8578-d2ed9338c8a8,orange,6,20,2023,3,24
1a4acb43-1e44-4bb2-8c00-39af3957dab2,banana,14,10,2023,3,24
4729a4a3-780a-4f6f-a439-f18f2cc79ba8,lemon,19,15,2023,3,25
8fd95272-18f3-4a7f-a1b1-1cf8682c3054,orange,19,20,2023,3,25
a89b3f38-9979-4657-be1e-5b897e4b1a2c,banana,10,10,2023,3,25
b2fd7a74-b4c3-4a56-94d4-acee3fc06c9f,banana,17,10,2023,3,26
6244be8a-b9a7-43f3-9190-5ee9f31d35e0,banana,7,10,2023,3,26
4d43a7d0-cbf9-4263-a6a4-87cd06aae988,orange,17,20,2023,3,26
817932f9-546b-4b4d-893c-7759fb99567a,strawberry,2,24,2023,3,26
04d840c1-1b61-48a5-8b57-8641b506c3b8,apple,7,30,2023,3,26
c4de88bf-2f49-4d7c-98cb-8ce056a93144,lemon,7,15,2023,3,27
87951931-115b-4843-b791-babf61cb469d,apple,2,30,2023,3,28
5b6262ae-4df3-4720-b8e3-7bb3c185ed72,orange,20,20,2023,3,28
e1c9b44d-1491-4caf-8571-af7c60bb26f2,strawberry,11,24,2023,3,29
6ada7994-891c-496b-8927-0e1255a63e64,lemon,18,15,2023,3,29
429e44e9-b7d7-4a17-838a-b58c5ba8ad55,orange,15,20,2023,3,29
d49609ef-7b26-4f6d-a854-06b789c048ab,strawberry,14,24,2023,3,29
2a10546d-dfc1-4fd1-84fe-7027da743c6c,orange,11,20,2023,3,29
6eb071fb-6bb5-440d-b9f1-c1b7dd4b2565,apple,7,30,2023,3,30
2f4efcde-74bd-48c9-b4a6-86f184e289e8,banana,10,10,2023,3,30
f791b365-a219-47f2-a88f-ef09d37e9aa7,apple,6,30,2023,3,30
00aebd96-fe4e-4498-9fd8-925b075cffb5,banana,4,10,2023,3,30
3a325dcd-bbb3-4c78-b8e4-e6f4a44a2978,apple,7,30,2023,3,31
705a69c7-e238-47eb-b5f0-2a2b457eb693,orange,16,20,2023,3,31
b3e89050-117b-4342-a6f8-cee3bd027bf5,orange,13,20,2023,3,31
9ccb7029-932b-4fe4-bc31-1e85e82835c8,apple,7,30,2023,3,31
fe996fbb-d29b-463d-ad93-c41e8321bb4f,apple,19,30,2023,4,1
b6c23cca-e3ef-4744-b02c-d367b438785e,strawberry,6,24,2023,4,1
f26a2fbc-10cb-4989-a11f-b84d38fd1cdb,strawberry,4,24,2023,4,1
a5b177d0-8932-47bd-bfb6-e7ddaf5725f9,apple,8,30,2023,4,1
5c1ca4a5-9a50-47a1-abe4-03001d8a6a89,lemon,9,15,2023,4,2
2459a858-c8ba-4fc6-b969-9d17de71edbb,apple,20,30,2023,4,2
a0a5b660-a07f-4d08-8409-4381a414f57b,apple,3,30,2023,4,2
8b93afdb-32a4-4a85-9178-8bbd71368514,lemon,18,15,2023,4,3
e746afda-3f7b-45f4-a24b-6de9f101babb,apple,2,30,2023,4,4
b2c29b6d-d833-4368-b2d5-a02df1614b22,banana,16,10,2023,4,5
9f35bbcc-9d1d-424a-970f-d935eb0d10c0,lemon,11,15,2023,4,5
7bb61369-cbc0-45cb-a54a-0bc0b6188b71,lemon,2,15,2023,4,5
321ac666-57bc-4e98-ab60-e3f924d05506,orange,19,20,2023,4,5
79caa9e3-9526-4ac1-87c6-60f55d55390c,lemon,14,15,2023,4,6
ff093813-201f-40a8-90f6-2340c23c560a,banana,6,10,2023,4,6
ead40686-84ed-48d8-8542-215a9e2ec90f,lemon,15,15,2023,4,6
e9d70359-13f0-4312-bba2-ddc9a90fffed,apple,19,30,2023,4,7
a0c92558-af32-4c50-96d7-76e79f742fc1,apple,20,30,2023,4,7
853b3e1d-0bc1-4e79-919e-3bc6292b8af9,strawberry,3,24,2023,4,7
54c46b68-4399-42f9-b23f-b1a3f9574d79,strawberry,6,24,2023,4,8
0724f4e8-6967-4092-8718-dda273ad831f,lemon,1,15,2023,4,8
63732059-5233-4d09-b47b-040b81fa2c62,orange,2,20,2023,4,8
d4c77f80-b7c4-4d38-ae5b-7259a350e598,apple,6,30,2023,4,9
a67a5e86-292b-4a86-9633-5f8b7c2b0339,orange,10,20,2023,4,9
2d566c7c-0d16-4fce-a5fe-24244912c0d3,banana,13,10,2023,4,10
af18ad7c-0c5a-45ab-8205-87992d9c519c,strawberry,16,24,2023,4,10
a147dd50-c6ad-4ae2-9fda-862f5d41d436,apple,1,30,2023,4,10
31da4fcc-5f74-410f-b4b6-2947ec4809f0,strawberry,18,24,2023,4,11
5d2eec41-e474-49ca-851e-7d147d4f3566,lemon,7,15,2023,4,11
2b0780f2-11eb-42bf-9635-9152c1b8186c,apple,20,30,2023,4,12
ab4ccc89-c7e8-49a0-9e8d-7e7151461d0a,lemon,3,15,2023,4,13
09926681-69d5-4df7-af83-635aac3e8c40,strawberry,17,24,2023,4,13
8bea6758-de02-4b10-8401-5b62c66eed41,orange,13,20,2023,4,13
e4c08916-a013-43a9-9123-28639063006e,lemon,10,15,2023,4,13
7d60ae37-a247-48d8-a848-e9fa2ec42c4f,lemon,16,15,2023,4,13
470aa219-9586-46c0-a2b8-4512fc0feb55,banana,15,10,2023,4,14
02814684-a43c-4feb-855f-6d919730bfea,lemon,8,15,2023,4,14
d89a523b-73b6-4b7b-97d5-3bf76f7a5096,banana,3,10,2023,4,14
bac08e0b-e94b-43d7-a83e-a64be5024705,lemon,8,15,2023,4,15
e6591554-917f-494e-bf47-1584a53f6088,strawberry,12,24,2023,4,16
daf642b6-083f-439a-8a79-4cab1e61bfb8,lemon,10,15,2023,4,16
e15df1d6-f75a-417d-aaac-e53db7b7fbee,lemon,5,15,2023,4,16
da661d5d-870f-442a-9003-e192cd922075,apple,9,30,2023,4,16
330ac029-5b97-4679-8475-1c9613b68651,orange,2,20,2023,4,16
53e7a774-9d47-4e12-a4b2-80a90c917e02,apple,13,30,2023,4,17
e84e95bb-45f8-498c-9e45-24c02ce20d9a,apple,18,30,2023,4,17
f81bf42c-1cef-49d1-86e0-0e3583bc114e,strawberry,1,24,2023,4,17
229f3b1b-fddb-4ca7-a9b8-dea34faa6ecb,orange,18,20,2023,4,18
f1e7c318-0550-40b7-b5e3-7b4d2822bc68,orange,1,20,2023,4,18
d3200565-7216-469b-8e92-765804b23047,apple,18,30,2023,4,18
d720520a-021f-4b79-9101-ef0c87e1a95b,apple,14,30,2023,4,18
6e9ede72-2411-428a-861f-d5261c23757f,apple,3,30,2023,4,18
5a30551d-47a2-4f6c-b16d-d3fdd3c7aba4,strawberry,15,24,2023,4,19
8b18840a-6c40-458a-a1d0-b39709a51c35,apple,12,30,2023,4,19
bea61294-5fba-4cfe-bc20-dc17893fccb8,orange,2,20,2023,4,19
bf73abbb-af74-42c7-adc0-f31151a72db2,apple,12,30,2023,4,19
1e2980b9-84ee-4d45-8913-3c8be671b1fe,strawberry,18,24,2023,4,20
21d9e5bc-fe28-4cd7-a326-cfe73debd82a,strawberry,20,24,2023,4,20
a67ea666-dd49-4499-87c3-2a95f9e6eeab,lemon,18,15,2023,4,21
e6ec2e09-e3c6-4fd4-a625-e77b38fde5cd,banana,5,10,2023,4,21
5549ab94-6da5-4cd6-aaba-58eff198f2d4,orange,1,20,2023,4,22
57139dd8-f34d-4d37-bbf7-267d59b2cbb9,lemon,1,15,2023,4,22
af61e9e9-9934-4a11-806a-809b998c9833,banana,13,10,2023,4,23
f3bfd6de-9426-4694-ac43-92e52b604413,apple,16,30,2023,4,23
32161097-73cb-4130-99ad-400a7376bb75,orange,7,20,2023,4,23
9fd2a1df-7b41-4e2d-8040-9acbf12d3817,lemon,3,15,2023,4,24
23168e93-9ef6-485b-9339-ff6f018e103b,orange,4,20,2023,4,24
62f93871-ec7e-4ea2-af34-1f7f3401c72d,lemon,16,15,2023,4,25
56f75a29-ae92-414a-82c9-a6dcf82e2c5c,apple,9,30,2023,4,25
bf0e8a95-26f5-4e3f-bd39-b8e4f2740a5a,orange,6,20,2023,4,26
e03d1874-f586-410e-a32c-95df60ccf25a,banana,7,10,2023,4,26
c7c9490f-c265-4c11-8533-7a8506a15768,apple,18,30,2023,4,26
0f5df63d-f332-4d7e-9a28-b2ddeaf4408f,banana,20,10,2023,4,26
9bb697e5-ea0d-4efc-9fee-c7b18b365c24,lemon,10,15,2023,4,27
547f528d-77de-4f5b-99a2-066431d0f354,orange,2,20,2023,4,27
75a9b82e-aa4c-4aab-badf-096b9fc23882,lemon,17,15,2023,4,27
a941b0f3-3c09-4861-ab32-6e396ecf0834,orange,13,20,2023,4,27
52f8d76f-2468-41f4-90c1-3a91da1d2fce,apple,7,30,2023,4,28
5aa22c45-e258-48ad-a487-732b99df427f,apple,7,30,2023,4,28
5efcd757-e430-4442-82e3-7a74820d0de1,banana,5,10,2023,4,28
1dd27147-7891-4e9d-84a6-7395278466ad,lemon,7,15,2023,4,28
748be597-02fa-4d83-b348-2674929591f9,apple,8,30,2023,4,28
74acab2d-e09d-4a19-928d-016660ebd042,strawberry,1,24,2023,4,29
dc240186-3d3d-4b03-8c4d-4f07ca983732,strawberry,19,24,2023,4,29
4a69ebf2-be51-4532-a575-c26e88db2d8b,orange,18,20,2023,4,29
5c5fbf30-027b-451f-83be-dfe0504571b5,banana,17,10,2023,4,30
f3ca1fa7-7003-4a2e-9ca9-490ab7ffea3d,orange,5,20,2023,4,30
4a920e4e-bec2-41be-b283-ec0af57193b4,apple,13,30,2023,4,30
31acf8e5-8cfc-4661-a2dd-0642489d94ea,strawberry,9,24,2023,4,30
2045d63f-b923-4698-8e95-7caa508fed67,banana,15,10,2023,4,30
ec00a2ba-cadb-46da-bf81-b5ab798d89e1,strawberry,13,24,2023,5,1
79d5a968-d2a0-4c5e-ac30-9a54bcc837c8,banana,17,10,2023,5,1
307af72c-f09c-4155-abed-7e2acf0008ec,strawberry,16,24,2023,5,1
f972ef8f-a23f-486b-bea4-2729d321b755,lemon,5,15,2023,5,2
f69fa3a0-583c-4c6f-b047-2359b1bcab1f,orange,2,20,2023,5,2
13bf1aec-5464-46c3-bdbf-0b940bfea295,strawberry,10,24,2023,5,3
b27979dc-9882-4204-9f06-67010b153a8e,banana,13,10,2023,5,3
90c98ceb-7555-4603-a6a0-66df50e6549a,banana,4,10,2023,5,3
f5f0d40f-0a11-4991-9e7b-4f4c33138d1e,banana,3,10,2023,5,3
8f969c92-fa66-45ae-8bae-170b1ce39aa1,apple,20,30,2023,5,4
089e4b47-90a9-403b-a259-f08132f6e5c1,apple,19,30,2023,5,4
a4912577-17a9-4f05-a896-605548faea9c,apple,20,30,2023,5,4
a117aa71-a146-4bff-b081-026a2e92462d,strawberry,15,24,2023,5,4
69a85f18-40e8-48cf-ab74-e7b1be62bdc4,strawberry,13,24,2023,5,5
e863aa2e-ad1d-4b15-a074-1347da9394f0,banana,14,10,2023,5,5
902de8ce-ab04-4940-8e05-b1642c65b830,strawberry,20,24,2023,5,5
9b57f768-cba7-4e18-9a9f-c161b32c292b,apple,5,30,2023,5,5
39bc9249-df3b-4a03-b75b-85cfc98fa8be,lemon,12,15,2023,5,5
ba10e263-dab9-4fcc-bfa4-7d56ba8aaca3,banana,10,10,2023,5,6
4e8cffb8-8601-453f-a0e7-78e7633e108d,strawberry,20,24,2023,5,7
0b004dda-fe58-4851-87b6-01edfef3f177,banana,6,10,2023,5,7
9cd687c6-2a5f-444f-b8e9-64fa537848d8,apple,17,30,2023,5,7
af94909d-7c59-4c23-8f85-f09d8a5aabde,banana,5,10,2023,5,7
81cb643e-022d-4e3e-b11c-7a050c8319af,apple,2,30,2023,5,8
6ee2976a-aebe-4c5e-884e-506dd5e2108e,orange,16,20,2023,5,8
0f2b592d-bb75-4fb3-9ab7-cb08cfaf28b5,lemon,5,15,2023,5,8
9b126a05-3079-4991-bec4-bebe5cdf5618,strawberry,14,24,2023,5,8
520fa5cd-31fc-4f34-bb06-c6c47c9fb7cd,apple,8,30,2023,5,8
944b3b1c-ac37-4a4e-8653-aa3bf51d4c4f,orange,3,20,2023,5,9
7a1e9eab-807c-4845-b3cb-b846050b88e9,banana,12,10,2023,5,9
6ae6d4fd-ffa8-4585-9760-5beb1ff5cd5a,banana,3,10,2023,5,10
4e1e7552-8e5a-4609-adfa-5bbd2f6fda5c,banana,8,10,2023,5,10
30170de7-f9ef-4d36-937c-39772de63c53,orange,6,20,2023,5,11
eb9473cf-d884-49d2-9288-d24b3be1053b,apple,13,30,2023,5,12
d2444f72-daff-46c7-9947-65d38a8cd9dc,lemon,2,15,2023,5,12
0d5c99e4-8f40-4ae6-982a-53feebd1fa07,orange,5,20,2023,5,12
5906fcb3-24e4-4cb1-b998-091c55b6df0f,strawberry,2,24,2023,5,12
e816e8f9-4ef4-494c-b533-43945a703b72,lemon,11,15,2023,5,13
fd2a9681-1c43-417b-8af4-c170847d6282,lemon,20,15,2023,5,14
76cc64ef-462e-4efb-b6c1-94e026dccf79,apple,13,30,2023,5,14
c2a942ef-a413-4a93-94dc-0338980d5c01,apple,9,30,2023,5,14
e2a2cced-1d54-4b95-9485-d9be11857973,apple,17,30,2023,5,15
59691bc7-c487-41ec-86b9-362a229c0586,strawberry,6,24,2023,5,15
a0dfb60b-a5d4-406a-9b41-a5756602071e,orange,3,20,2023,5,15
c3ff4b28-c68f-4981-a110-de47c6290659,banana,2,10,2023,5,15
ba60c165-bc45-481d-a801-6b029ba82608,orange,18,20,2023,5,15
06235b2c-1ed6-4d1a-a3d4-3c738554de2a,lemon,5,15,2023,5,16
a2fc59bc-edb0-42f3-b126-3c3d1cd570e4,lemon,12,15,2023,5,16
9c439404-7627-4d55-8377-0614da0968e8,banana,13,10,2023,5,16
b024f138-46ad-489f-82c7-15eaf82564f8,banana,12,10,2023,5,16
ad113e12-650c-44b1-9ac6-fe995e07c21b,apple,7,30,2023,5,16
5a9096f7-85b5-4c32-9a5a-b77cdba37e9d,lemon,7,15,2023,5,17
38849afe-5b95-4fa3-ac24-6ecc64b3b026,lemon,19,15,2023,5,17
7e83785e-3eb4-45a3-bf5e-f3438da7ca6c,orange,12,20,2023,5,18
ac246783-995d-4aed-80f7-f9ae09731636,apple,13,30,2023,5,18
2d2ade70-3756-4f6b-83c5-25e8c0272c03,banana,3,10,2023,5,18
55046a6e-81b2-4fda-a570-3ae4039040b2,apple,12,30,2023,5,18
fa43785d-e5bd-4655-9632-2ca218c01f15,orange,13,20,2023,5,19
9e8ae98b-9942-4d63-90da-03a2f6f0f689,lemon,6,15,2023,5,19
13b308d8-f1a6-468c-84da-338c700788b6,apple,11,30,2023,5,20
0cecdb2a-c443-44f5-8497-46e9be8d3a29,apple,8,30,2023,5,21
67c65af1-9c85-4505-95f8-e41866291131,apple,4,30,2023,5,22
573b8e9b-f78c-4ba0-a450-a8bdee9a8644,strawberry,11,24,2023,5,22
8a515c01-0007-4b81-9211-ec555879cbc8,banana,2,10,2023,5,23
ae029eb3-fb1e-47f6-874c-3378a4f92547,orange,20,20,2023,5,23
80738ded-8f62-4130-b78f-4c08e240db9e,strawberry,12,24,2023,5,24
8ec774e7-1723-4f89-8fdc-8689fa403fd6,orange,20,20,2023,5,24
d7412485-635c-4a88-9fc4-57923c364b3c,orange,9,20,2023,5,24
e41d8000-daf6-4089-aa27-d20841e3f423,lemon,17,15,2023,5,24
e6868b34-f601-47c4-bea0-6a5bef06f1a2,strawberry,20,24,2023,5,24
e11bb86b-619c-42e8-8f13-992528acb888,strawberry,12,24,2023,5,25
800f584f-77ee-4baf-859c-c94b9163bdf8,strawberry,6,24,2023,5,25
963a66b1-4374-458f-a865-2192ee4bd4b9,lemon,16,15,2023,5,25
3ffb2c9b-48da-45b5-98af-63a737ef869d,strawberry,20,24,2023,5,25
16c85a9f-b278-41eb-a433-2608f75ccea4,strawberry,15,24,2023,5,25
051813ac-2f0b-4c4d-853f-759ceffcba52,banana,10,10,2023,5,26
4e8a4d47-a118-4886-8eb6-b017a0bc7830,lemon,10,15,2023,5,26
d7a790ef-337d-43e6-866a-6a641f18675c,strawberry,12,24,2023,5,26
e2018d66-2a3c-45bf-a74f-7733534c14ab,banana,18,10,2023,5,27
cb07252a-6464-4265-8232-da06b956a9d0,strawberry,5,24,2023,5,27
2b7255a9-04e9-494a-88bd-56299f410a2a,banana,20,10,2023,5,27
ad52b642-0697-4675-bfa7-d485e5daa103,strawberry,14,24,2023,5,28
6ca60316-3371-44db-9efb-655ef7e9dff1,strawberry,18,24,2023,5,29
5cafda38-386f-4843-9911-e19519919d58,apple,16,30,2023,5,29
c37c6121-47a8-413d-aae1-e950a4613e36,apple,18,30,2023,5,29
34d47d39-e7b9-4d1d-9647-9d09bdf3bb9d,banana,14,10,2023,5,29
44b822f7-a843-4a8b-aaf0-30b14ccefbbb,banana,1,10,2023,5,29
ef4fb0be-067c-4454-a52d-1684a1409167,apple,6,30,2023,5,30
e4763879-22ab-418d-bf08-459e12e29102,banana,10,10,2023,5,30
214109f1-e726-465c-8c6c-7529362a9fbc,strawberry,6,24,2023,5,30
5aa2e2cf-b37d-4333-9894-353c20bd8877,strawberry,10,24,2023,5,31
b4f7c81e-cd66-420f-a2ee-3684d3bd2a2a,banana,18,10,2023,5,31
3fd1bf4a-9c4d-4ba9-a459-5b37459666cc,orange,14,20,2023,6,1
7c77b177-7253-4e68-8744-33a6b3467244,lemon,15,15,2023,6,1
e739143c-66df-4125-b079-f3405d9c20f8,banana,17,10,2023,6,1
71a7b7dc-932d-4f0a-81c0-280637054a40,strawberry,10,24,2023,6,2
33697772-ea1c-4370-af8e-5688e87447c3,strawberry,16,24,2023,6,2
4e43085d-276a-4f0f-a976-90a71da55564,orange,17,20,2023,6,2
074ec84b-a719-4b6f-9072-a1bb59ecb3dc,orange,17,20,2023,6,2
5062b7f4-12c2-4e4e-8d0f-37587505f421,apple,13,30,2023,6,2
50290e2d-29b9-4a9b-9d42-fde75d0ebfbe,strawberry,5,24,2023,6,3
fa0f429d-b491-4f90-8c85-c5d55aafcc7c,banana,20,10,2023,6,3
222660ab-37c2-418b-a6fb-32afb81e7ae3,strawberry,10,24,2023,6,3
58942fb9-84cb-404b-a4e1-140a3d9c249d,apple,18,30,2023,6,3
cf59a005-6551-48fc-ab56-c4ec8ee47136,apple,16,30,2023,6,3
489eaa71-3b49-42cd-ba8c-193242be85a1,banana,19,10,2023,6,4
fb16abb7-eaff-449c-87e1-58e4582ce1d6,strawberry,18,24,2023,6,4
72c44f9c-5bf2-4432-94ba-c70ad3677129,strawberry,19,24,2023,6,5
61a96942-a3ac-47d6-8c1c-af134d17a6b7,strawberry,8,24,2023,6,5
fb367fdc-eb65-4027-b61f-b26d0d777634,lemon,17,15,2023,6,6
3975b0c2-a92e-4eb3-8276-7532176e8d8f,orange,14,20,2023,6,6
3a41e034-172f-4ea0-bf4b-5273bb4aa19f,orange,2,20,2023,6,6
981b1c07-f984-43ba-9f35-836b0cf4f06d,apple,10,30,2023,6,6
f71277f8-0d12-47c3-bfc3-bac9de56a5ad,banana,14,10,2023,6,7
3dfb364e-a6a7-44fa-af71-b4758610aa06,apple,11,30,2023,6,7
57eeef16-3d3e-4666-90c8-044bd1863d44,orange,20,20,2023,6,7
662df99f-7c73-48a0-a21c-7c47fc6ae009,strawberry,19,24,2023,6,7
354e86bd-96e7-4004-8770-49eb577cc4af,banana,10,10,2023,6,8
af0f1023-291d-4e2e-9610-3e12e755e751,orange,6,20,2023,6,8
0553c36c-5fdc-498a-8827-b5a5cb8237b8,apple,16,30,2023,6,8
f483dc44-ac6c-4090-ba96-87fe065d02f1,banana,18,10,2023,6,8
582635cf-fce2-429b-b388-5cb2be3907d0,lemon,3,15,2023,6,9
08bda12f-b289-4a98-a1f6-b4952166b136,orange,17,20,2023,6,9
3c053763-4d37-4543-b9e5-73706f1e9ef9,apple,20,30,2023,6,9
c87325b7-de60-4ee0-9417-7b2c39f93fd9,apple,13,30,2023,6,10
9c66ee50-68e2-4f44-a264-99baa6732d12,strawberry,4,24,2023,6,11
ef409371-2bfd-45dc-94de-8eca33758e8e,strawberry,12,24,2023,6,11
7df191f8-801b-42e4-8a53-efce93b996a2,orange,2,20,2023,6,11
3264684f-164a-4895-b78a-3f6fd894297e,strawberry,16,24,2023,6,12
0dcb6273-ca28-443d-8127-60221ce91eaf,apple,1,30,2023,6,12
27ecc342-4102-4c11-b6d4-d03718c1ed64,strawberry,19,24,2023,6,12
2497c85d-07f1-4d5a-a45d-bf269d563502,lemon,11,15,2023,6,12
6895bb96-49b0-45e3-83dc-dbc3ad4b4eae,orange,17,20,2023,6,12
7a74c6ba-f524-465b-b2bf-ad1a3bda4449,banana,9,10,2023,6,13
182f7fd7-ca58-44b5-b65a-38b992b71cde,lemon,11,15,2023,6,13
be367aa0-1a4f-450f-8d4f-8c6787ef8ee2,orange,2,20,2023,6,14
29608274-f3c8-45bb-8f2c-e9326df30c95,apple,8,30,2023,6,14
730f9a25-dd53-4ef8-a766-53f6db5e5ce0,strawberry,16,24,2023,6,14
c50af627-bdd9-489b-a820-08aee2942d1b,strawberry,9,24,2023,6,14
dcca4887-daab-4da0-94c1-6b76e76d8f93,orange,16,20,2023,6,15
d8377f27-cb6f-411b-bb7b-227524a2727c,orange,16,20,2023,6,15
289e900c-fbc3-4e52-9dc9-db0f25599168,banana,8,10,2023,6,15
93767092-fdb2-4686-8a56-9ec31c64ddaa,lemon,12,15,2023,6,15
d386c575-8981-4cd0-b9f9-5d5413ddb4a9,strawberry,2,24,2023,6,15
3fa973c5-363c-42f6-bd88-f1d89bdc1338,banana,20,10,2023,6,16
55a350fc-0a55-40c8-a479-55c4cabdf768,banana,4,10,2023,6,17
ff821d8f-d17e-4601-9b07-81e6ad909ba9,lemon,8,15,2023,6,17
7acf1ec8-c2b2-4044-ba3c-974081c9f7d3,apple,8,30,2023,6,18
3e27e9de-6dc3-4945-8c41-79695415e1e3,strawberry,18,24,2023,6,18
19c4438d-59ad-4c08-a65a-ca33e7b1a376,strawberry,8,24,2023,6,19
b93bbcb3-2889-4556-820a-7a173d533b6d,lemon,2,15,2023,6,19
26a4e522-9296-4357-abc1-3c64fbc34f78,lemon,14,15,2023,6,20
58d34e75-cb8e-4ff2-9fac-5a81457593fc,lemon,14,15,2023,6,21
4d0bc423-580a-417b-b08b-049768e8710f,strawberry,15,24,2023,6,21
b024be06-2e98-4487-8109-f65ae21afda9,apple,1,30,2023,6,22
9f756c37-531f-4d77-acf5-2dad44e1d0ac,lemon,6,15,2023,6,22
791fcca5-d039-4332-aa51-d406b5199124,apple,15,30,2023,6,23
32785fe8-0bb2-443c-8c31-21c707891b3e,orange,10,20,2023,6,24
7dacef38-eacf-46e6-977c-96a4b6c07b86,apple,3,30,2023,6,24
0dd275fc-6de4-4574-b82e-d0d12faabdba,strawberry,13,24,2023,6,24
6cd49d20-adbe-47c6-97ec-d510c6ac1fef,banana,11,10,2023,6,24
e8da5f13-d7cb-400d-bf23-8377d2c5ee00,apple,16,30,2023,6,25
3aeffc3f-ec46-44dd-9fb9-878d4b04408f,banana,13,10,2023,6,25
cc349d23-a3aa-4fb4-a321-12dd96c8185f,orange,8,20,2023,6,25
2916523e-c732-4fa1-bf93-7afc12e39e83,strawberry,20,24,2023,6,25
d97abab7-f7b7-4dee-9144-b490e3c6a3ed,lemon,13,15,2023,6,26
cd3ea902-ebcc-4b09-8bc1-1495af83e0f2,strawberry,16,24,2023,6,26
8b978f0d-0259-45cd-bc57-a8541aa150ad,apple,6,30,2023,6,26
7c8dca91-db24-4ee3-857f-9424ab21605c,banana,18,10,2023,6,26
5ee4a8d2-0278-41d9-8e19-f857d9495d82,apple,18,30,2023,6,27
2ca2e0e7-a27c-4509-a819-f0ba143a5b1e,orange,8,20,2023,6,28
144f67e3-3ded-4e9f-8700-84d13b320fc6,orange,11,20,2023,6,29
6be16e3d-5a0d-4cfc-91fb-c9bae69e501f,banana,4,10,2023,6,29
39bc9836-4242-4243-9dbf-75ec86fd9296,apple,4,30,2023,6,29
e1faa3e2-fb33-465f-b357-9bcb88af1050,apple,6,30,2023,6,30
0f539e06-5242-4cdc-b145-e17e93ac7f19,orange,17,20,2023,6,30
8eaff371-2c2a-435d-a97f-5d93923b74fc,strawberry,5,24,2023,6,30
14e0fc5b-608a-4e22-82b6-6cbc96b2198e,lemon,13,15,2023,7,1
34627afe-55ce-4dc8-a3a7-2fe668e429bf,strawberry,6,24,2023,7,2
30482d88-9b92-4556-bcff-839533cb5665,strawberry,1,24,2023,7,2
740b547e-48b2-4cba-a5f8-5761472ec46c,strawberry,13,24,2023,7,3
411d2ead-e923-4fb5-8493-21307f8d0b0d,strawberry,7,24,2023,7,3
51719586-ceda-47b3-8cde-c51ed2db5aab,orange,8,20,2023,7,3
895084a0-693a-4ee8-b3f6-99b532d2cb49,orange,1,20,2023,7,3
b82f7197-ad9e-429b-b40f-08190012e783,apple,5,30,2023,7,3
6121843f-6540-4887-b5cd-80e4ab00f771,apple,16,30,2023,7,4
504e3cac-7dd5-4275-8087-861e3606ccce,orange,16,20,2023,7,4
5260bac5-0960-4c4d-8a0b-07ed12338b34,strawberry,16,24,2023,7,5
5d6c5eda-5f2b-42b5-864f-5a3a4557d00d,apple,12,30,2023,7,5
5befa01d-90de-49d3-9bc7-43b8731e5324,apple,6,30,2023,7,6
cf8252df-1fa9-4d44-9415-ae4dbf87ac66,banana,16,10,2023,7,6
c141c2eb-3e4e-4a98-8011-c52df31d977c,apple,1,30,2023,7,6
563f2dbe-1a6c-47f6-90e7-2be874d7332c,banana,8,10,2023,7,6
7f32d0ae-4907-447c-8191-2715dc4071d0,banana,11,10,2023,7,7
236d1b57-477f-4f83-aa7e-40be1533f43e,orange,19,20,2023,7,7
3148ad09-51f1-46e2-9b20-4464079d1572,lemon,1,15,2023,7,7
c8666cdc-36dd-4efe-ae56-4886ed44b236,banana,18,10,2023,7,7
3c44d6c9-1014-4f5e-83d3-0447022bd6a5,apple,2,30,2023,7,8
523868d2-d55d-45c6-af2d-85ad89a91ffe,strawberry,9,24,2023,7,9
a696c0e2-5e0d-4f5a-91c8-6a2f7b3bf728,strawberry,14,24,2023,7,9
7417c0a1-2537-4e0b-a07e-25d07e8c8b68,apple,16,30,2023,7,9
46c00ab2-218d-48c6-9079-7921a70a39af,strawberry,12,24,2023,7,9
7355e961-a266-440c-bb75-3d90c485aa0d,apple,15,30,2023,7,10
4a4b1fbd-f0f0-4a9d-b50a-291c0a536377,lemon,15,15,2023,7,11
4ca87220-440d-45aa-8095-81bc64b84d11,orange,8,20,2023,7,11
2e2b4175-4e1f-43cf-b62e-8cb8ecba2485,strawberry,7,24,2023,7,12
39aa2f12-f94b-40d9-a9e2-c3ba161c0d76,strawberry,4,24,2023,7,12
2d53b0c8-6004-4ae7-9004-8140c2b5db48,apple,8,30,2023,7,12
fd73cedf-6e4d-4b5d-bd92-64025ba420fe,orange,5,20,2023,7,12
e1b536f8-3dd9-4ce7-aa3b-108a73e1eaf9,banana,19,10,2023,7,12
6e552e89-cbaf-46a6-950b-bdfa8bbd9e1e,orange,20,20,2023,7,13
cbc33626-3f7b-473b-bdea-e7067f4ff6c1,strawberry,7,24,2023,7,14
78beeda0-508f-4916-911b-0be76c452dad,banana,12,10,2023,7,14
a3072af2-2cdf-44b5-875e-291a64980143,strawberry,14,24,2023,7,14
d5794db2-a833-4468-bbff-16a3adc3c47b,apple,7,30,2023,7,14
c02e50ca-8247-4f0a-9949-8b711b5c9422,banana,18,10,2023,7,15
e98c8a43-6da0-4bcf-85a0-9fc939fa13d9,strawberry,12,24,2023,7,16
3655325f-0697-4fc7-b506-7a50a47cf34c,strawberry,4,24,2023,7,17
8e72edb4-d4e3-49c0-882b-864e19110daf,orange,8,20,2023,7,17
59c5ff7d-54c3-4b34-83ee-cff0da32c268,orange,12,20,2023,7,17
356b2fd9-6dec-41a9-82f6-a7d8cc351ef5,orange,1,20,2023,7,17
3f5b4d71-a7d9-4b00-a79a-e8e8fa890cdb,orange,16,20,2023,7,18
be0c0839-27a3-43a5-808f-e8b927851bb1,apple,15,30,2023,7,18
dcb9b034-47dc-465a-b9a9-c140411b17bd,strawberry,13,24,2023,7,18
d8a21a23-387d-4141-85a0-3624028f1ecf,orange,15,20,2023,7,18
6d7712dc-4b75-41b1-a937-d0b4d7fa0cfb,lemon,1,15,2023,7,18
32787294-789b-49dd-931d-0d45e339d9f1,orange,16,20,2023,7,19
1f743713-7a67-47c7-b3a2-65e070002e49,orange,1,20,2023,7,19
84606e70-435a-4a84-acdc-60ca28c944a4,apple,9,30,2023,7,19
bc4b79ae-fe9d-4677-b176-ca2370379cba,strawberry,6,24,2023,7,20
703c07dd-881b-4ba9-8821-547fb5d4e119,banana,9,10,2023,7,20
66f4f7fe-1900-4b88-b734-baeb0791f878,apple,4,30,2023,7,21
acef7470-e226-47a7-a581-0c899efab7ab,banana,3,10,2023,7,21
7806ae1d-5ac8-4c71-abd7-a1a7fd7f3724,orange,4,20,2023,7,22
b842d66d-b5f2-477f-b48d-d015820301e0,banana,18,10,2023,7,22
7ff2b2a4-7360-44d2-bb68-8cb23fa9aaad,lemon,4,15,2023,7,22
7b37243d-4668-4540-b3f2-830d17c6b6ec,apple,2,30,2023,7,23
7603ba4a-0afe-48b9-a02d-05b3ef30d4d6,lemon,20,15,2023,7,23
e0a0d91b-2ec6-4509-88fe-9771891f3fe1,strawberry,14,24,2023,7,24
9e2a43ec-ab10-4721-a43e-16abd293e4c2,banana,7,10,2023,7,24
a485fdd9-b82b-4aa5-a7a4-4c429044b9aa,banana,20,10,2023,7,25
1c75a525-c09c-4bec-a5e2-16ec9c5266a3,lemon,2,15,2023,7,26
b628c3cd-dbba-4905-82a3-e03e334420cd,strawberry,3,24,2023,7,26
4c454a26-9655-4bd4-b275-2bca0c3a9674,lemon,10,15,2023,7,27
dc964b31-14d2-4f7a-96a6-150eda1918ef,strawberry,3,24,2023,7,27
5e2097e0-6877-482e-a0b8-b45f9c9f16b1,apple,3,30,2023,7,28
09b03675-f5ab-46ce-8d0e-21a8c132df3f,lemon,3,15,2023,7,29
b1a0c338-71ca-4169-b99e-00b1d94cc037,banana,19,10,2023,7,29
6405fcd1-43b3-4758-9895-83d4be9aa629,banana,7,10,2023,7,29
95ae50b2-2fb1-46e3-84f6-0e1504f12c5d,lemon,4,15,2023,7,29
d6c2e00d-1110-4b20-917b-42290a276a8b,apple,9,30,2023,7,30
6fdef97c-91c4-4160-8cc6-7dfa532676b6,apple,16,30,2023,7,31
fcdc578e-49f3-4c6a-b86d-b0157ddd69fa,banana,8,10,2023,7,31
4ec94398-4576-4879-b44f-9f5a5ebfc41e,orange,7,20,2023,8,1
f8432990-48c0-4f6d-b6ee-c8048cb87f78,orange,9,20,2023,8,1
8b1dc7d8-aa4a-4f1e-be13-45ec6aaf3a8a,strawberry,8,24,2023,8,2
433c833e-67d2-4bfc-9304-b8cba397cfd7,banana,18,10,2023,8,2
5e8ce877-273e-47ff-bb58-4297e0c9351c,lemon,19,15,2023,8,3
3bd4b4d7-1fca-401c-8eb1-d296aa6343af,strawberry,2,24,2023,8,4
e50f162f-71e6-4964-8c1b-c14c253a5ab1,banana,13,10,2023,8,4
e88509d1-a58f-48e1-877d-bc8cf8ed1dfc,orange,2,20,2023,8,4
451d3249-852b-4ca3-95db-f5ac979a6d94,strawberry,14,24,2023,8,4
729aa792-2a22-49e6-8fa6-ba109e60029b,banana,10,10,2023,8,5
8dbc358c-5138-4c2a-8e19-296a1b9b5ada,orange,11,20,2023,8,5
8c52a45a-12ec-4572-a133-8d3071863954,strawberry,6,24,2023,8,5
e8cfa837-e108-4788-820b-4166255cb81a,orange,8,20,2023,8,5
db31190f-d6e2-489c-be14-c99e2d40b3a5,banana,1,10,2023,8,5
a396348f-be1e-4f17-8651-846a6a9f75d9,banana,12,10,2023,8,6
8de3168f-4712-49cd-8b71-b0708e727fa3,banana,15,10,2023,8,6
537c06b7-ed4a-45f7-81bd-86e04ea229a1,orange,10,20,2023,8,7
3496d6be-9d26-4206-b84b-99820215f88c,strawberry,16,24,2023,8,7
f0922e64-9a35-415a-8617-6a514219210c,strawberry,19,24,2023,8,8
597e63fb-9438-4c8d-af96-7bcff21a7c7c,lemon,5,15,2023,8,8
bd0ab33f-fb49-4a3a-88a8-3fa8778ee5db,apple,3,30,2023,8,8
faf59e9d-ec17-4758-a603-f52aad3774ed,lemon,3,15,2023,8,8
7cae9711-e7ee-4b66-8264-25d97caadec0,banana,10,10,2023,8,8
40a6c642-3789-41f5-9992-852fccdaf0c8,lemon,2,15,2023,8,9
dc6ea7f9-7205-4815-a2a7-29f8ca0f9891,lemon,8,15,2023,8,9
98b30bc3-228c-4aef-ad0b-a61a76ad071f,banana,13,10,2023,8,10
153db709-7517-4ba7-a1de-ee9c375974f1,apple,1,30,2023,8,10
809f56df-1773-4cb6-9bc8-cbc35dee5540,lemon,12,15,2023,8,11
38561fd3-10fb-4694-8b2b-f7ede4ac2f5d,lemon,18,15,2023,8,11
a509c9e7-b639-44d4-8caa-6bff99f45a58,banana,9,10,2023,8,11
cd40dc0b-2049-4d3a-81ae-c9460eff4718,banana,11,10,2023,8,11
a5a31afd-6329-4180-b262-41e58fd03d15,orange,4,20,2023,8,11
96a7cf5e-f666-4d75-aef9-3424d553eb09,lemon,1,15,2023,8,12
9e3d124c-67d9-4d60-aaf8-825552b20b9b,banana,19,10,2023,8,12
6650273f-e6e8-4fd6-84ef-a8530d7fb5cf,apple,4,30,2023,8,12
4ed35da7-2990-4718-8341-fd90239baab4,orange,6,20,2023,8,12
caca1002-cde5-42c6-b962-ecf1a2fe128a,lemon,3,15,2023,8,13
0e2d0ffa-308b-4029-94b7-834c02596eca,orange,18,20,2023,8,13
e6024de4-9e0e-4b8d-834b-80a65f310b5f,lemon,10,15,2023,8,14
7fc0f13a-d898-4c7e-a7fb-8fc233cfbd36,lemon,12,15,2023,8,14
8d552967-ee45-4888-ac86-6c6be99cb9bc,orange,20,20,2023,8,15
ff2a60a4-433c-4950-992c-4e7f5c119b19,strawberry,2,24,2023,8,15
7df58117-7cb2-40ac-955c-28b52ced1c0a,apple,16,30,2023,8,16
214b7378-67a5-4ed2-9726-d1bfaa4c9e9c,banana,20,10,2023,8,16
5b43fe08-a64c-40a6-a53c-231783bd2914,strawberry,7,24,2023,8,16
fac0f7b4-fe28-4213-93b6-66342647d8b2,strawberry,8,24,2023,8,16
ee909b99-d4d3-4af5-97bb-6d2f0797a349,lemon,16,15,2023,8,17
b5907a84-e085-474f-a3ce-1691e5413517,strawberry,12,24,2023,8,17
c8824dde-cf6e-41a8-80d1-bc4f8d2ab0dc,orange,15,20,2023,8,17
d08da5a3-c145-4a8a-a8c9-8f3840d5a079,banana,9,10,2023,8,18
005f1683-0a73-4d8b-9632-aee3ca053c7f,banana,20,10,2023,8,18
42631028-bcb5-457a-9688-be27de8f9dc0,banana,3,10,2023,8,19
9f2051fb-f698-448f-8010-5aa65e25856c,lemon,15,15,2023,8,20
4e71ca6c-8617-4cc3-bae0-01dc2f9c0202,orange,3,20,2023,8,20
a2961dc6-655f-433d-8fe1-2f24389a8e40,strawberry,15,24,2023,8,21
d31535cc-8251-43ad-aa55-8990eafad96e,strawberry,11,24,2023,8,22
e22d8ade-3032-4ac8-a03f-6d9e0e6e29ad,banana,16,10,2023,8,22
4a66bd41-0950-476d-9d05-e4a3b2d6cca1,lemon,11,15,2023,8,22
9dca2faf-1286-48d0-b6c8-a4a6404b1c91,lemon,11,15,2023,8,22
53346831-16cf-4787-b08d-385160274a4d,banana,9,10,2023,8,22
f29b4aba-2dc3-42ca-bce2-9206e7919d7c,apple,2,30,2023,8,23
f5252959-e70d-40cb-8ebc-a625d6e7f188,lemon,5,15,2023,8,23
a053c734-d0c1-498e-991f-7d60d2da5455,banana,18,10,2023,8,24
fc8b0c9d-133b-4652-87d8-2d382b182f04,orange,8,20,2023,8,24
d56899da-d900-4cd4-9f64-d6d04b53a9a8,apple,6,30,2023,8,24
38926e09-b247-461c-a3ae-50563a5393fc,orange,7,20,2023,8,24
ef2c1ac1-f2d8-4002-93c1-7db6cdefd7b3,strawberry,17,24,2023,8,24
ba30a09b-ae98-46a9-8966-13d9d0170d0d,strawberry,16,24,2023,8,25
98e9e8fd-5c90-4f92-97b7-2b3fd9a3d0b3,strawberry,7,24,2023,8,25
1c4d9d9f-faec-4641-b29c-73b6d4fda8df,apple,16,30,2023,8,26
75d06322-6d6d-49d9-ac9f-325d3ce455d4,strawberry,8,24,2023,8,26
14bb9501-0ec4-442e-8edd-14f0bd3c903b,lemon,13,15,2023,8,26
13b661da-b261-4b84-910f-686bbc415a3c,strawberry,18,24,2023,8,26
eb73c98b-4793-4205-866a-90108f8d75f6,banana,11,10,2023,8,26
2ba989df-8b67-4d4e-b9ab-e6164d456d57,apple,5,30,2023,8,27
450bd463-4ab8-437a-a7c1-88aa4524e6d9,banana,6,10,2023,8,27
c0e95db5-82b4-45d7-8c0e-7892bc915dd5,strawberry,8,24,2023,8,27
e67a5bb6-09ae-4ac3-9629-addd6a8c5ad1,lemon,4,15,2023,8,27
8b856f93-c554-4bad-ac03-c84066fde8f8,banana,18,10,2023,8,28
ce04442b-b420-4130-836e-c89342df9392,orange,11,20,2023,8,28
85787bff-ffb8-4823-8bef-38c18c3a3803,banana,4,10,2023,8,28
78401bc1-185a-4887-aebd-a1d5c787c529,banana,12,10,2023,8,28
55560c0f-2abd-4178-a9b9-9b80415f6180,orange,9,20,2023,8,28
ba5fcb1f-63eb-429d-abf8-3e7c194b0330,lemon,10,15,2023,8,29
030ae4a6-5671-4779-9c15-dfc986263bf1,lemon,2,15,2023,8,29
7af95e38-3bd0-419a-824e-94e53c9986f2,orange,17,20,2023,8,30
9ef95f5f-3f99-4eff-b2bf-a3f772688a6e,banana,20,10,2023,8,31
a1545957-2b5b-4966-82e3-df72d36461a9,banana,11,10,2023,8,31
1a935a92-95c4-4441-82f2-e552fac94e07,banana,2,10,2023,9,1
fa5a5f3d-9e8d-4053-88ed-6b33ca8f0bc0,apple,2,30,2023,9,1
09ae6877-7a21-450d-beca-26d47573b8e4,orange,6,20,2023,9,2
7e15301b-b9ab-4b9a-9ca2-ffede2b6f1cf,lemon,2,15,2023,9,2
a4c8252a-8301-4343-9730-fa8cd5917b0a,lemon,3,15,2023,9,3
d642a5fd-89f6-4d44-a650-70c3d5cdea96,banana,9,10,2023,9,3
4ae7a8af-9bc9-46b9-a9cb-24fe8a05d32e,apple,7,30,2023,9,3
5adf635c-f429-4906-a4ae-be79b43a4405,apple,10,30,2023,9,3
5d696f41-0bef-4193-9040-5d74c0f5f244,apple,17,30,2023,9,4
1d62e24c-e8b1-4b12-bf5f-b01691300ff3,apple,12,30,2023,9,4
b993aceb-9ece-4b3d-a368-52a5e3026cc1,strawberry,13,24,2023,9,4
4bd4d1ca-82b0-4f9f-a34d-19303f7ed958,strawberry,7,24,2023,9,4
eec95b4e-5866-4dd3-b118-1a0945a62739,orange,18,20,2023,9,5
5aa9459a-749e-4ca2-8991-9263d02b9253,banana,17,10,2023,9,5
9b30a9a5-77b5-43a4-9ad9-ad9374a6b4b5,strawberry,20,24,2023,9,5
7ba5d041-10f3-4f7e-9e64-939a4e88319a,strawberry,2,24,2023,9,6
5b247c11-3d2c-4ab5-9e22-81601a40c800,lemon,2,15,2023,9,6
0a5f688d-b30b-4894-91d8-b37e318c1862,strawberry,17,24,2023,9,7
31302092-6975-470c-9877-7f16678f3a4d,orange,12,20,2023,9,7
712b0730-7e4b-4401-879a-3c8fa0bb7e78,strawberry,4,24,2023,9,7
e6bc0c32-b880-45f0-aa7f-f87e2760747e,apple,14,30,2023,9,8
2b72d124-3901-498a-b5cf-c45f43dac42b,apple,19,30,2023,9,8
fee9a3cd-2bc1-496d-b84b-0dc57ea5dfe4,apple,17,30,2023,9,8
35c951e9-908c-4cf1-b75c-b2abd07ab4fb,apple,3,30,2023,9,9
b244b657-cdb7-4ce9-981e-e360f8929a05,strawberry,6,24,2023,9,10
6ffd98ac-7771-4b2f-81e2-bd93405f71db,strawberry,7,24,2023,9,10
8e954b61-adb2-40b6-8f50-8568e5d0ef3d,banana,11,10,2023,9,10
6901cc60-cd41-4eca-99a2-6d131dd78f6f,apple,1,30,2023,9,10
fe933334-e666-4728-8bba-fb862f5e65e5,strawberry,18,24,2023,9,11
5cb37d30-d22c-446d-8336-b1f43501d0f6,apple,15,30,2023,9,12
d4ca33c9-fed7-44f7-b005-3f9654938187,orange,6,20,2023,9,12
709f8a3b-64b0-4e52-b07c-2fd8acaa154b,banana,7,10,2023,9,12
cabdc410-90a3-4d57-b68b-0cfe04df5388,lemon,11,15,2023,9,12
70cc8dcb-d097-4e84-ad40-4fb1357bc3d5,strawberry,7,24,2023,9,12
94778837-2044-4e60-9f01-745e39c457a9,orange,12,20,2023,9,13
4f62aee9-5b8b-4987-b163-669ef5336f62,banana,19,10,2023,9,14
7250fecd-3958-48ff-a99e-d6f485377dc2,banana,10,10,2023,9,15
90b63a96-79e3-4fe5-ac88-d0f0b6d2c7f1,lemon,19,15,2023,9,15
c3e24bf6-8bd2-49e4-9d93-51f1bf0744eb,strawberry,19,24,2023,9,15
bd16f46f-964f-4b5a-95a0-6a42130fe7f3,strawberry,3,24,2023,9,15
a59d326c-0f67-4a45-94ad-0e27a6484c9b,banana,12,10,2023,9,16
e7a3c135-1331-4366-99a4-1a3d9d4666f6,apple,8,30,2023,9,16
0fadeb08-5eca-4192-812b-fe54cf4d1cea,apple,2,30,2023,9,16
5059e22b-13df-4561-a0b5-60705111ff61,banana,12,10,2023,9,16
dd20f84f-4577-4150-80b1-0286ace6afff,lemon,15,15,2023,9,17
60c4c9fb-956c-43c9-aa45-9d2ac37a3632,strawberry,12,24,2023,9,17
8202cab6-eedc-457a-ae08-299dd062b077,lemon,1,15,2023,9,17
49f36eb0-0a20-4802-bd07-9f37e462ad48,strawberry,15,24,2023,9,17
7ad8399b-3b14-4b64-976c-2aed4714fac3,orange,15,20,2023,9,18
f727c126-c260-4b1d-b2e2-d42c16ddc875,strawberry,7,24,2023,9,18
995f0c33-944a-40c9-a6b2-da672687b615,banana,11,10,2023,9,18
da098846-69ab-4a99-a619-3736151dc327,lemon,12,15,2023,9,18
ec6198ed-60f5-424e-b551-2e53456d724f,banana,15,10,2023,9,19
9c2837a8-f09b-482d-b378-41bbe0b5f2c0,apple,3,30,2023,9,19
99a157f1-fa28-44ea-bae5-28b526efbd8e,strawberry,5,24,2023,9,19
c4c88a36-3739-47e9-9534-f6bc7be5cdd4,strawberry,6,24,2023,9,19
1c6b1e43-30cf-4808-968c-f6f6218761f0,banana,20,10,2023,9,20
5f7d3e7b-ff35-4ed7-8d73-3bb0c69d3561,banana,15,10,2023,9,20
5e062a9c-f6f8-4564-a379-68c7f7b58e2a,lemon,7,15,2023,9,21
d981810b-8373-492c-a417-4fa396fabb9f,orange,13,20,2023,9,22
4d04ea2c-907c-4d34-b83b-0c4cfa6f5f30,banana,20,10,2023,9,23
9dbe8cd6-5af4-4c19-8f6e-72e078764674,apple,6,30,2023,9,23
b6a0742f-85f5-4d59-bf4b-ad673308be87,orange,19,20,2023,9,23
d875175a-9642-4419-a315-8765b097a54f,banana,20,10,2023,9,23
1cd3ebbc-1471-4f0b-a9f3-da341f205c5a,orange,8,20,2023,9,24
420901d3-efbe-4c9f-b46f-b1223bc171c4,lemon,4,15,2023,9,24
26206dd3-afa9-4686-8475-025a5a728bd6,lemon,6,15,2023,9,24
c8a38650-fb48-4dc5-b53d-fe6d1ca83d00,apple,19,30,2023,9,24
8a1e2888-6081-4fa4-9e51-aa7b2525a68f,lemon,1,15,2023,9,25
c01bab35-c4c4-45a6-b966-05e6a61ad355,banana,9,10,2023,9,25
54fc588f-bf43-45c4-97bf-315e54a9bcbf,strawberry,10,24,2023,9,26
4dd1a6ff-9086-4cec-9d1a-5c3671d2e3c5,strawberry,10,24,2023,9,26
a269d3c7-37f5-49c4-ba37-8c4f09fffe57,lemon,10,15,2023,9,26
ae87fdbc-e7c1-4432-b692-06e2fa2bc38f,orange,4,20,2023,9,26
beba7f66-b69b-4e2a-9061-919b3be448b9,apple,12,30,2023,9,27
14779720-f6d7-4ba7-a2ae-422906abecd7,apple,3,30,2023,9,28
203a2d87-dbc6-438a-b064-90823d64b051,banana,7,10,2023,9,28
2a999e01-7a91-4f7a-b3aa-7f4f86c37522,lemon,12,15,2023,9,28
ca24190f-2dc5-4ea4-a30a-0f1e9a17b936,strawberry,11,24,2023,9,28
b0efe108-cbb2-4380-b724-1cc617f76443,apple,8,30,2023,9,28
a17ac2c3-a7f9-4dea-9db1-c210a9503329,orange,13,20,2023,9,29
9c86d932-a254-4ee6-bf36-9e768de7b905,apple,8,30,2023,9,29
8a7288d0-c432-42fb-9161-c0bdc995e7f1,orange,5,20,2023,9,29
c089e244-c166-49c5-ba97-0e9c67e0fff4,lemon,13,15,2023,9,30
d5088d2d-2048-424f-90ef-a688e8a89143,strawberry,1,24,2023,9,30
7f65d2f7-b1b3-407d-9f81-f735fb8d8584,apple,18,30,2023,10,1
32e1614d-3a0d-4d41-ae90-ce25aea3f010,strawberry,9,24,2023,10,1
c2ad5e8e-c9b3-4141-b710-457875e3535c,lemon,14,15,2023,10,1
28a2d7df-68ed-4cba-a57f-aa9d0443f59e,banana,3,10,2023,10,1
e518a36b-6d9c-4368-8908-4d5dd1d2c2b1,lemon,16,15,2023,10,2
da48602b-0a37-4bf3-8147-26d009d41d4e,apple,16,30,2023,10,2
a6473651-02c5-47ff-8b5a-f6753cd67d06,lemon,8,15,2023,10,2
dee4236c-beef-4ad9-9e0d-8bb7dc284711,apple,18,30,2023,10,2
9a68193a-7d2d-4891-87e8-b913a69093e6,strawberry,11,24,2023,10,2
f097557a-cef5-405b-a621-9e28d230c97c,apple,10,30,2023,10,3
41b7119e-12f6-4ed7-844d-c9c1bc867777,banana,1,10,2023,10,4
97658e27-8cca-427f-8d1a-282646f401ee,orange,20,20,2023,10,4
c1c5e80e-0da4-49ef-8cba-438c53849259,strawberry,18,24,2023,10,4
ad68fec5-d94a-4c5f-bc56-c4757a0c10b2,orange,13,20,2023,10,4
cd53e1f4-4f94-4aa5-9398-6d5a69032b93,apple,14,30,2023,10,4
7d8bf40f-8b3b-4040-acb0-cbb5af932dc3,banana,12,10,2023,10,5
df354667-17b4-42ec-9867-fbfc9deab12e,orange,11,20,2023,10,5
94f4a896-c693-4523-bd0f-3bd1fb6f2db8,lemon,7,15,2023,10,5
bb9017c0-2284-44cb-afe2-f0e35dd7ee0e,apple,5,30,2023,10,6
53cafb05-37d2-4bad-b51e-f68c634a527e,orange,10,20,2023,10,6
f4f10b31-87a4-47ac-982c-89b14b4d2607,apple,11,30,2023,10,6
a87aa55e-9a67-4f90-96b3-a31ed9d9651b,lemon,17,15,2023,10,6
419e420f-3c35-454a-bdfb-dad6e2b6a4c8,banana,16,10,2023,10,6
5ad8a9af-43ca-41c5-877a-733df33be7d1,banana,3,10,2023,10,7
0e5e79c3-830d-4e08-8125-498532aa3719,apple,8,30,2023,10,7
96eeaf00-1571-457b-8c92-a842f99a994b,strawberry,14,24,2023,10,8
07c3c061-496c-42de-825d-64dcb694c528,apple,14,30,2023,10,8
ab340d53-f48a-4ffb-b2b4-9009994864f6,lemon,12,15,2023,10,9
ef932be7-b053-4b69-b15f-61c1b225515e,banana,11,10,2023,10,9
721ba22e-6a85-4751-a0ea-f0725c282dc8,strawberry,13,24,2023,10,9
ffad1ddd-5500-4e3b-8620-9cc5b1fb0b8e,apple,15,30,2023,10,9
99f14a1d-07a7-4a30-9a44-cae31f7b236a,apple,13,30,2023,10,9
c5df017e-7cc2-4fa9-af80-18f894c2ae55,orange,3,20,2023,10,10
64978bbd-02e3-4357-a066-d7f5f3a829ef,apple,4,30,2023,10,10
ff3b6d4d-33bc-4aba-976c-fd37a73523cd,apple,19,30,2023,10,10
b900ace9-f322-4f42-a773-aee39efd5173,banana,2,10,2023,10,11
4ee0a7e6-a210-4112-91c2-a80fc78150c6,banana,4,10,2023,10,11
06f03408-d06c-4785-9860-158474f1bccc,apple,19,30,2023,10,12
5704eb59-83fe-43c6-80c6-6fac82c87b6d,strawberry,11,24,2023,10,12
ae929d62-b35f-40b3-a785-cbfd2e7530f2,apple,5,30,2023,10,12
aec214f1-e1bd-4d12-8620-5ad71dfc3eb0,apple,15,30,2023,10,13
462a8c1f-aaf1-4971-8ea1-5ce18bf60266,apple,2,30,2023,10,13
d6d1b8fa-2785-45ea-aed7-d43bee6f08e9,lemon,13,15,2023,10,13
a51d8e52-9350-4617-9eec-01bb1e5ec0cf,apple,9,30,2023,10,14
f8185a49-490c-4038-95d6-bef2a64a9c2f,banana,6,10,2023,10,15
bcf38cf0-2e32-4971-98d7-fd1d848e5c5c,banana,5,10,2023,10,16
7e8fd177-7832-460a-aa62-e04a65f59c47,apple,16,30,2023,10,16
d0a15ccb-eaae-490a-9727-31a8a6b1d7c5,strawberry,11,24,2023,10,16
b9bfc3f9-1c62-493a-a604-e235d905d0ef,apple,6,30,2023,10,16
52ed9f85-15a3-4393-b944-afbdc85ceabc,apple,20,30,2023,10,16
ca6754d4-ac15-43df-ad18-b7457ac50fe9,orange,17,20,2023,10,17
c7c5ed5d-adf6-4da2-b4fa-b21689e65aa6,apple,18,30,2023,10,17
6780c003-9ee1-4603-8876-6508ae615672,apple,5,30,2023,10,17
8fb4ba0c-d82c-48fb-8f2c-61142fbcc328,apple,12,30,2023,10,18
234685ac-5442-477f-b5a0-49cc4bc356d1,banana,10,10,2023,10,19
813a1152-4b9a-4945-a919-f8d35d43d6ec,strawberry,9,24,2023,10,19
5ac1cabe-7e9d-412b-9ffa-4e62cb06fe4f,orange,13,20,2023,10,19
b895a6c9-f0c2-4baf-a968-e00a1aa78667,strawberry,13,24,2023,10,20
9ee709b5-543c-419a-860b-ddeb8661966c,banana,6,10,2023,10,20
e3df9b50-4e31-48c9-a807-a09cb6484697,strawberry,15,24,2023,10,20
1352fb7d-7056-417f-8992-6bc894c8fdee,apple,18,30,2023,10,21
febf59b5-81ce-4b2c-a017-b9d88ad578b9,orange,15,20,2023,10,22
5966ec7a-e375-4e6b-8ac0-1aa6cc545ffa,banana,11,10,2023,10,22
05dcefb7-dc7d-4f2b-81eb-24fe36f76f22,lemon,1,15,2023,10,22
0bba8c1b-28b0-4812-b6da-126c9a8f754a,apple,6,30,2023,10,22
c57bf211-a839-424f-a0ed-d756bf998e82,lemon,5,15,2023,10,22
56cc65c3-b0b8-453a-b967-f13195dcb23f,banana,11,10,2023,10,23
5eccfa10-9e66-4784-871d-9a523d58b02d,apple,2,30,2023,10,23
968fb191-2363-4249-882e-a88c956b5c19,banana,20,10,2023,10,23
c89da30f-72a7-4e7f-8743-e15565605d88,lemon,4,15,2023,10,23
510d22ce-148a-4919-85af-76ffc646a57f,banana,13,10,2023,10,24
5438ae65-8667-497b-bf59-42ab8b971aff,banana,13,10,2023,10,24
d205f702-863d-4f2d-b46f-7969f0885e36,lemon,15,15,2023,10,24
bc924e83-ed05-4b99-9f52-861cbf410ddc,banana,15,10,2023,10,24
8a97e8a1-5384-4a71-aba3-6d43b4c0c9cf,apple,6,30,2023,10,25
465cf54f-a8a4-4c89-bdbf-ec18eeae6387,strawberry,1,24,2023,10,25
edc6752c-bc39-4c35-bf68-efaafe95e155,apple,13,30,2023,10,25
e82609b1-86b4-45e3-bf51-b628a507ab04,apple,15,30,2023,10,26
596da844-22e3-40e5-a354-ae9986ee7170,strawberry,18,24,2023,10,26
a0aa3936-d745-4cdb-b73a-178b55bfda44,orange,1,20,2023,10,27
10b97f90-b36d-48ec-818b-27c4037ab0ef,strawberry,10,24,2023,10,27
104860b8-77b8-4a02-ae75-23d6ed4ab917,banana,4,10,2023,10,27
f30ec282-00c5-4cf2-ae03-ff90851cc915,orange,12,20,2023,10,28
e2495389-2787-430d-bcb7-e7acce9227d6,banana,20,10,2023,10,28
3a8ae8ab-6a29-4aac-af3e-be31e3ec671d,apple,11,30,2023,10,29
ba9b51ca-1bdd-4681-b16b-17f5b2ca1e32,strawberry,6,24,2023,10,29
b6782ce5-16e9-4b98-b530-ab2fbbce1100,lemon,17,15,2023,10,29
bc109bda-e87c-44c7-aa34-ef97dc8e6729,banana,17,10,2023,10,29
85244913-5ee1-4e09-a487-d0919af825a5,banana,10,10,2023,10,29
572fdb6f-aba4-42c2-9e58-e9346b26843f,strawberry,19,24,2023,10,30
fd6db943-1cc6-458c-a45d-f9c9db98dede,strawberry,11,24,2023,10,30
74f24595-4735-41ad-9538-eb2ba09d2ff9,strawberry,4,24,2023,10,30
b90db8a3-2319-4588-87f7-49f7886e8368,banana,2,10,2023,10,31
aa419d5e-3e82-48eb-9352-03eefb4ca7ec,strawberry,10,24,2023,10,31
b9661c8f-6ea9-497f-b35f-f1de7ab98721,lemon,6,15,2023,10,31
38338576-5bc7-49c8-990d-ef340517dc17,banana,2,10,2023,10,31
3611198b-fa1b-4ec1-b77c-6f88276a1653,orange,14,20,2023,10,31
5a89136e-947f-41fd-bfe9-fa5afe6fe726,apple,17,30,2023,11,1
8e4a8e45-97b8-40f9-9b82-52ff482c33a0,apple,4,30,2023,11,1
30dfc374-f063-47a4-a50f-838cf141ae28,orange,4,20,2023,11,1
53023f6b-7cb7-46a0-84e4-712d91de3b4a,banana,6,10,2023,11,1
e7f25377-1c40-4914-876a-2202903fe03c,banana,8,10,2023,11,1
4a1182fe-042d-4f4e-9c39-d358640a9097,banana,11,10,2023,11,2
10642571-2544-491a-a049-dff15c3af680,banana,15,10,2023,11,3
3f1c287e-159f-4fc8-b6c8-183e8aab9087,strawberry,19,24,2023,11,4
a3540b66-ac5a-4fc1-987a-2ff3f380ead2,banana,4,10,2023,11,4
f643c016-2edc-43e1-9a8d-c16c42551bde,banana,1,10,2023,11,4
3be47690-3776-4a76-824e-70644ac00e71,orange,2,20,2023,11,4
9641068e-a729-4b16-b013-9132c012c756,banana,18,10,2023,11,4
f6003956-707e-4196-8d02-d52e6eb82edf,strawberry,5,24,2023,11,5
8ac937ae-6d6f-4096-9676-c73f96f375d1,apple,1,30,2023,11,5
72b9add0-a172-42e9-a158-f24ef0b369e2,orange,5,20,2023,11,5
03531e67-07c8-4042-91fd-1b2beac3cfa4,orange,20,20,2023,11,6
f28d62ae-d8b3-4a27-b40d-c21a4481e08c,lemon,9,15,2023,11,6
a13c3054-2786-4512-adf2-d58ef8a66c64,strawberry,14,24,2023,11,6
d6b30cc8-6817-413b-98cd-6b9c39353be1,lemon,12,15,2023,11,6
4d792aa2-3087-44a4-8f32-c4b74351b2d5,lemon,20,15,2023,11,7
7579e41a-0887-49d2-bfe7-e6b3b1a3ff1f,lemon,10,15,2023,11,7
dbb3dcb3-6f13-4341-8b15-b64856f98e81,apple,7,30,2023,11,7
6276373b-3c72-4ef0-a910-8e05e1206d11,apple,11,30,2023,11,7
4f2611ec-f065-4827-a28d-5b5520d6a698,apple,6,30,2023,11,8
2e31395e-06bb-49a4-bc39-513fb6514cb2,apple,2,30,2023,11,8
4c771c7a-d491-4597-9dd4-cfc6b8c4b374,apple,20,30,2023,11,8
f241fbeb-84de-4da1-a81f-259cb0b654a7,orange,10,20,2023,11,9
5dc869d4-b36e-47d9-8942-de378196c3e7,apple,14,30,2023,11,9
81a2c88c-0307-4b01-80c9-49d1c94d6934,strawberry,18,24,2023,11,9
02d8d349-9f96-4e1c-8e76-1c07b99bded1,orange,20,20,2023,11,9
120f0a1a-b6c0-4287-8c56-41936c95cdd6,orange,12,20,2023,11,10
0dfb4916-189d-48ec-9101-876e08599b87,strawberry,7,24,2023,11,10
eeed1657-b8f6-4470-8618-480ed70ed104,lemon,7,15,2023,11,10
da772a0e-8107-4cc7-acb9-e23bf0f58fed,lemon,12,15,2023,11,10
7ab77fd9-e548-4b69-90ae-ebdc21ad326a,lemon,10,15,2023,11,10
156b0714-66c5-402f-8339-c284cce504ae,banana,16,10,2023,11,11
c18899a0-f259-401f-bf54-f78bde4d3f21,apple,4,30,2023,11,11
bde05abb-9b63-4092-bb52-57fcd385fdbe,strawberry,9,24,2023,11,12
1b4bdee8-ac15-4727-9eaa-c4fbb08f2588,banana,5,10,2023,11,12
14308dce-7126-4127-bd5d-3abce9ed298e,orange,10,20,2023,11,12
b135e085-d6b2-477f-af39-70aad4debd57,banana,9,10,2023,11,13
ab6a6c0f-6710-4beb-bb3b-739d11efd277,apple,15,30,2023,11,13
f35d571c-62b7-4149-a4fc-6b49fdaa324b,apple,15,30,2023,11,13
23085676-fd62-4892-ac40-a900eca3da57,apple,14,30,2023,11,13
91eabb9a-f346-472a-a5dc-031cc11d8552,banana,15,10,2023,11,13
3e066def-ae60-4fe6-879d-23f8cb1e250c,lemon,14,15,2023,11,14
6327e679-b03e-4dbd-818b-e54922982edd,lemon,4,15,2023,11,14
9a4d3080-dee1-42d4-b7c1-a246098b2c6a,orange,16,20,2023,11,14
4824dd12-b05f-4470-85ca-4b4657a49238,lemon,19,15,2023,11,14
74bbf6b0-fddb-4244-8438-d865571d63ec,apple,15,30,2023,11,15
1574aba4-7b14-47da-be8f-fc93cd1778e8,orange,3,20,2023,11,15
c43e2a71-8b7b-4ed7-9292-2f667f49a7b2,lemon,12,15,2023,11,16
141f8e6b-dbb8-44ce-a296-1473c829d648,banana,3,10,2023,11,16
229dd78d-a35c-4399-b525-82885601ebe2,lemon,20,15,2023,11,17
faa774f4-4691-463f-b677-0db3f123512e,strawberry,3,24,2023,11,17
efb77d18-6636-439d-838d-dfc54381875d,strawberry,12,24,2023,11,17
854a9cee-cc4d-4f8d-b3a1-834c0322efb0,apple,2,30,2023,11,17
3cc2bdcc-fbaf-437f-830a-28cd7d71e846,strawberry,9,24,2023,11,17
efe5ee33-894d-47d0-8fe2-7f8baae8875a,apple,5,30,2023,11,18
66ad183f-5ca8-44f1-a584-4e8276ef7a68,apple,19,30,2023,11,18
6f4da190-ebf8-4cec-ad45-012047133500,lemon,20,15,2023,11,18
893a71ec-f414-4f4a-91b1-b1a7c52956c1,lemon,4,15,2023,11,18
f6dde8e8-53f9-4f2f-82d2-ed0ace5994f3,lemon,10,15,2023,11,19
43605a4e-ad8b-4afe-9c90-01a251b285fa,lemon,19,15,2023,11,19
63f66b9d-5901-4be3-99f7-db297fbf2b6c,lemon,9,15,2023,11,19
535788c5-6d52-423f-a987-ae4f6c4092ee,orange,17,20,2023,11,20
80075545-eef0-4259-8761-5a1165326e6f,lemon,3,15,2023,11,20
dfa0c5cf-f1c1-403f-8040-d00e8d15fc25,strawberry,17,24,2023,11,20
9abc6fff-8264-4972-bd26-1ed297a89e19,banana,3,10,2023,11,20
cffe25f9-c1db-4c0c-845f-9f1fa0857512,banana,3,10,2023,11,20
830e7156-4fcc-4032-8e59-12ed98dd99b3,strawberry,10,24,2023,11,21
693fca50-e217-40a3-b7e3-4e901edfdf7d,strawberry,6,24,2023,11,21
3cf69895-20df-4c2d-9894-a3c2baeac4df,lemon,14,15,2023,11,22
495e390b-d6be-4bd6-ae87-13298564e292,apple,1,30,2023,11,23
36a00e60-c1aa-4303-a00a-8c19c8b49437,lemon,12,15,2023,11,23
07fc4bbb-a2ac-4bb3-9068-457079d517f2,apple,8,30,2023,11,24
b184c941-3320-462d-8e32-386736252a7b,strawberry,3,24,2023,11,24
2b1f7614-0614-4624-8dbc-27fb31df65e8,banana,11,10,2023,11,24
5a804771-cc21-44e6-a0fd-aac2fa33a838,apple,14,30,2023,11,24
4e584f81-97b8-4f02-a169-e5459c165e9e,lemon,18,15,2023,11,25
50219e2e-5fbb-48aa-8764-b417cdf8b727,strawberry,9,24,2023,11,25
8ff28f55-c734-473d-9602-48d5b259d7ff,lemon,2,15,2023,11,25
c1e8e34f-2045-4e1b-aed4-0e20965dbd6f,orange,15,20,2023,11,26
0c436b8f-8c60-4293-adce-f78d1fe43116,strawberry,20,24,2023,11,26
9bacb20c-1bf4-4e44-be0e-497262683ef3,orange,6,20,2023,11,26
d838a885-1704-4d20-911d-b51bf631634b,banana,11,10,2023,11,27
c1d46936-5f43-4278-9a71-e4392be42067,lemon,15,15,2023,11,27
4d3c7928-fe77-4e20-a756-64478a2fcc6a,strawberry,16,24,2023,11,27
93e1bae6-6f66-4c4c-bcbf-2b34b5a010c9,banana,2,10,2023,11,27
058c78fa-6bd7-48c4-9a9c-423995a47cbf,apple,4,30,2023,11,27
b1db06bb-2287-4de6-bb27-62596a4f62e6,orange,4,20,2023,11,28
f1a6c261-0902-4ab8-958b-69361ede5a2c,lemon,5,15,2023,11,29
bcf3ad88-66a7-4290-82e1-496b6c11a9be,banana,11,10,2023,11,29
cc384722-8113-4765-a38b-5f4e6f23e404,apple,5,30,2023,11,29
a451d2eb-f63a-4a4e-b6a2-a4c7ff470565,lemon,13,15,2023,11,30
9d27cd8f-3f3c-49b6-befc-fe3476c35484,orange,2,20,2023,11,30
1fdc3165-a884-4eaa-bb28-d3338988fde6,strawberry,2,24,2023,11,30
4fb028fd-5e48-43c6-9ed5-418761572d43,orange,8,20,2023,11,30
6c3c22ff-c037-4059-845c-1da63691cd6d,strawberry,19,24,2023,11,30
57b06a70-9249-44f9-9d42-0e1d4dcc17e4,lemon,10,15,2023,12,1
bae2aa03-e396-4c57-a4f9-0609df5a3a0c,strawberry,4,24,2023,12,2
6d754344-be72-4c8d-8a05-ad0803ab27ef,apple,18,30,2023,12,2
22c5402b-a5a3-45c9-a085-a3726374a58b,orange,7,20,2023,12,3
743f1826-76b2-4f2f-86ea-e477fee0113b,lemon,13,15,2023,12,3
7de71cd2-d6e6-4c5c-be11-a641abc464ed,lemon,11,15,2023,12,4
7dff736f-0cf8-4a58-a3df-741c148740bd,orange,4,20,2023,12,4
7041bb2e-1165-4d04-b6af-befd14cd417d,lemon,2,15,2023,12,4
d8363641-b029-4121-a816-811cf7701c30,banana,6,10,2023,12,4
6bbee2f7-c85c-483e-9f3f-93e7aa87c352,orange,17,20,2023,12,4
c768159c-64c3-4724-bd7b-be2ad06ee30d,orange,19,20,2023,12,5
23f5d112-d095-428f-957f-87836f617681,orange,14,20,2023,12,5
3336427e-f014-4cf7-a1ee-2375240e79a5,orange,2,20,2023,12,5
757cc0ee-4efa-4709-89d8-6fe656d4d9a4,orange,5,20,2023,12,6
3ee10982-dc20-417b-8dd3-e599f079ed92,apple,15,30,2023,12,6
88297b4f-6b0b-43f9-b7b6-39c9face2569,lemon,6,15,2023,12,6
e6eee1a8-b267-4605-b165-a81189b1e816,strawberry,13,24,2023,12,7
cc6201cb-010d-4926-b6b1-a4a45f3efac5,orange,1,20,2023,12,7
9e67e20d-e3d6-4255-b1b6-0b95abf270d1,apple,16,30,2023,12,7
48416452-b705-4640-a084-de8ef5260684,lemon,1,15,2023,12,7
b0281649-d0be-4282-ab59-9fb04efb92c6,strawberry,10,24,2023,12,8
228a53d7-f428-4fdf-91f3-9ea92bb983b0,lemon,2,15,2023,12,8
86ac5126-ebc4-4a41-94ad-6d8c5012589c,apple,12,30,2023,12,9
e1b99a26-8e35-4e53-803b-48d50f0d3728,orange,17,20,2023,12,9
cf1c85b8-126b-466c-83f6-2320a76920f5,orange,19,20,2023,12,9
7724027c-05ab-4f74-9121-5202f46c3f83,lemon,8,15,2023,12,9
75395fa3-fe83-44d0-ba5a-8ddea4b85b89,banana,9,10,2023,12,9
28b14892-567e-40c6-a911-36aa48dcf1dc,strawberry,1,24,2023,12,10
a21c7868-eebf-48ae-bea2-b6bf67aa164e,apple,20,30,2023,12,11
20eef021-6ad3-42d2-b1cb-b7e61de2f8d7,strawberry,3,24,2023,12,11
072d19a1-c896-4307-8a3f-c4172c4a3b81,strawberry,4,24,2023,12,12
bf8bba4f-4b57-4b9f-8a12-111b340ffa90,banana,17,10,2023,12,12
00af6d46-6801-4410-a415-e85b12c148d3,strawberry,12,24,2023,12,12
acd3d999-d50c-4fc1-8409-d539b2021178,orange,1,20,2023,12,12
f6997d0e-3513-42cb-ac5d-085338c6bd0f,strawberry,17,24,2023,12,13
01c56da0-67aa-4afe-a1fa-59883add2ed6,banana,2,10,2023,12,13
bcbc2efd-13f8-478b-a892-4b2caa24d8b9,banana,6,10,2023,12,13
5eee0ac7-dca1-4fcf-9cd5-bf1256728d51,orange,20,20,2023,12,13
10a8d370-bce9-4fb9-8d6c-1d6e472f498a,lemon,20,15,2023,12,14
7e8ec249-4506-41d6-90eb-6e1d4a9edc7c,orange,9,20,2023,12,14
4cc7be07-9501-4ffa-8026-1f3423ef48d2,strawberry,8,24,2023,12,15
b2ec27db-7277-4ba5-bffd-030eb98675ed,orange,3,20,2023,12,15
a2258307-230c-46f2-9753-7824e2db9e03,apple,3,30,2023,12,16
1def8f1a-1a6e-40be-b942-e3e3dc104b65,banana,19,10,2023,12,16
608815a9-1655-47e1-b5b9-3e4eb1ac9626,banana,11,10,2023,12,16
7c82fb15-a5a0-41d8-b467-8c1e89105058,strawberry,7,24,2023,12,16
0433193b-7278-4bde-af99-3616f5460534,strawberry,3,24,2023,12,17
90ab789b-1dbf-413c-a31c-7b567679a7a8,banana,11,10,2023,12,18
6d22e720-b2a6-41a9-8741-bffb198ffca3,orange,11,20,2023,12,19
796818bd-af42-44c7-ac5f-99993e978976,banana,12,10,2023,12,19
7b6fcb8d-82c9-4950-8b58-d3523f892b48,lemon,3,15,2023,12,20
fda89f51-aef8-4d09-bb27-3c8fc44e49a2,apple,17,30,2023,12,20
2d44921f-30d4-4cf3-9221-0088f8686ea1,strawberry,10,24,2023,12,20
f8ae41bb-ea5d-4fa7-b489-722ed0e917d3,orange,6,20,2023,12,21
15a7770a-0835-4b04-88bd-33b41f978441,orange,14,20,2023,12,21
0fa9d13e-5bd1-49b0-a9d8-c298df1cdbcf,lemon,1,15,2023,12,22
4ccc09e8-86f1-434a-93a3-e1a11543f11c,lemon,4,15,2023,12,23
24750972-5a5d-4e39-b5b6-f7bb079d28c3,banana,20,10,2023,12,23
e9ef68d1-8881-470d-8740-398a79cbba00,orange,3,20,2023,12,23
7e2bffb4-a7d1-40c0-b525-314d01c3b37d,strawberry,16,24,2023,12,23
6950d50b-2055-434a-9354-5236257e8d8e,orange,14,20,2023,12,24
09591e2d-4afd-4d9f-b610-b6e20a35c35b,apple,9,30,2023,12,24
584aab3e-2d1e-4c91-a82c-49a2dc8364c7,lemon,19,15,2023,12,24
b3b5805f-5fa2-41f5-80f4-cd5d925b0892,apple,19,30,2023,12,24
c64799d6-030d-47fc-be69-f16c04b11eec,strawberry,4,24,2023,12,24
d599ce8d-9401-4989-903a-8c58bbe386af,banana,15,10,2023,12,25
e2b66f9b-fb6d-468c-a6a8-37d48f21b728,orange,5,20,2023,12,25
79fb8588-34d4-4308-b196-9d4ba2c8725b,banana,15,10,2023,12,25
509afc30-2fb0-4288-9e43-319184cdcb5a,apple,11,30,2023,12,25
46a417ce-3447-43d4-abb1-00e690feb9ce,strawberry,5,24,2023,12,25
516fe6fb-8c7c-48c1-a922-c66117f521a8,apple,15,30,2023,12,26
321031cc-30f4-476a-9740-ee5df6c95cb2,orange,9,20,2023,12,26
a42388f0-7ef2-4a60-bb32-d5e9d84723f3,apple,9,30,2023,12,26
d1fca09e-1548-461b-9fdd-be3f07f5ab4f,orange,11,20,2023,12,27
3997040e-aa6d-491c-8543-a156ee557c75,apple,17,30,2023,12,27
d7989de4-5c01-45c2-9eb7-105bb0b82a19,banana,17,10,2023,12,27
a7080ae3-74d6-44c6-b5c3-c0a476c6fbb5,banana,10,10,2023,12,27
0bf4fc15-99c6-4356-a99f-a4186330a94c,strawberry,5,24,2023,12,28
4660a0ba-90ef-4118-8a87-4c57081f7e5a,banana,20,10,2023,12,28
aac8c1a3-342f-4d19-8d97-36b1b28fef62,apple,12,30,2023,12,28
f6dc3fbc-817d-4753-9559-54bb01c0eab7,strawberry,11,24,2023,12,28
079afb31-a54d-4d3c-9fbb-72bf78273af9,orange,19,20,2023,12,29
3f0e36b0-3db2-431c-b485-1fa68f3ce517,lemon,12,15,2023,12,29
2baf5de4-94dd-4f5b-b465-cf51eca6c102,lemon,1,15,2023,12,30
2a33d8a5-cfd2-488a-b960-d487a587a7a7,apple,14,30,2023,12,30
108c6ed4-596b-4516-a1c6-4312b589913e,banana,4,10,2023,12,30
1fb54829-dbb1-4993-b3ef-31fb5d8eef61,banana,15,10,2023,12,30
e935d1af-7605-4d83-97cb-20747e20f56e,orange,7,20,2023,12,31
27b5aab6-307b-467b-a246-d733bf979c24,orange,16,20,2023,12,31
68d676a9-b788-4caf-bf53-6c1507ce6350,apple,9,30,2023,12,31
